{"type": "FeatureCollection", "tage": ["2026-08-06", "2026-08-07", "2026-08-08", "2026-08-09", "2026-08-10", "2026-08-11", "2026-08-12", "2026-08-13", "2026-08-14", "2026-08-15", "2026-08-16", "2026-08-17", "2026-08-18", "2026-08-19"], "tage_wasser": ["2026-08-06", "2026-08-07", "2026-08-08", "2026-08-09", "2026-08-10", "2026-08-11", "2026-08-12", "2026-08-13", "2026-08-14", "2026-08-15", "2026-08-16", "2026-08-17", "2026-08-18", "2026-08-19"], "features": [{"type": "Feature", "properties": {"d0": 0.0043, "d1": 0.0037, "d2": 0.0033, "d3": 0.0028, "d4": 0.0024, "d5": 0.0022, "d6": 0.0021, "d7": 0.0019, "d8": 0.0018, "d9": 0.0016, "d10": 0.0014, "d11": 0.0011, "d12": 0.001, "d13": 0.0008, "w0": 16.7, "w1": 16.0, "w2": 14.3, "w3": 12.4, "w4": 10.8, "w5": 9.5, "w6": 8.5, "w7": 7.5, "w8": 6.6, "w9": 5.7, "w10": 5.1, "w11": 11.0, "w12": 20.5, "w13": 23.3}, "geometry": {"type": "Polygon", "coordinates": [[[11.43359, 48.19659], [11.48739, 48.19684], [11.48703, 48.23282], [11.43319, 48.23256], [11.43359, 48.19659]]]}}, {"type": "Feature", "properties": {"d0": 0.0023, "d1": 0.0023, "d2": 0.0027, "d3": 0.0037, "d4": 0.0038, "d5": 0.0036, "d6": 0.0034, "d7": 0.0031, "d8": 0.0028, "d9": 0.0025, "d10": 0.002, "d11": 0.0016, "d12": 0.0014, "d13": 0.0011, "w0": 17.2, "w1": 16.8, "w2": 15.0, "w3": 13.2, "w4": 11.6, "w5": 10.3, "w6": 9.2, "w7": 8.2, "w8": 7.3, "w9": 6.4, "w10": 6.0, "w11": 13.9, "w12": 25.6, "w13": 28.8}, "geometry": {"type": "Polygon", "coordinates": [[[11.48739, 48.19684], [11.5412, 48.19707], [11.54088, 48.23304], [11.48703, 48.23282], [11.48739, 48.19684]]]}}, {"type": "Feature", "properties": {"d0": 0.0034, "d1": 0.006, "d2": 0.0057, "d3": 0.0053, "d4": 0.0048, "d5": 0.0044, "d6": 0.004, "d7": 0.0036, "d8": 0.0031, "d9": 0.0026, "d10": 0.0021, "d11": 0.0017, "d12": 0.0014, "d13": 0.0011, "w0": 13.6, "w1": 13.2, "w2": 12.0, "w3": 10.6, "w4": 9.4, "w5": 8.5, "w6": 7.7, "w7": 6.9, "w8": 6.1, "w9": 5.4, "w10": 5.1, "w11": 13.6, "w12": 26.0, "w13": 29.4}, "geometry": {"type": "Polygon", "coordinates": [[[11.5412, 48.19707], [11.595, 48.19727], [11.59472, 48.23325], [11.54088, 48.23304], [11.5412, 48.19707]]]}}, {"type": "Feature", "properties": {"d0": 0.0032, "d1": 0.0029, "d2": 0.0026, "d3": 0.0022, "d4": 0.0018, "d5": 0.0016, "d6": 0.0013, "d7": 0.0011, "d8": 0.0009, "d9": 0.0007, "d10": 0.0005, "d11": 0.0004, "d12": 0.0003, "d13": 0.0003, "w0": 11.3, "w1": 10.7, "w2": 9.9, "w3": 8.9, "w4": 8.1, "w5": 7.4, "w6": 6.8, "w7": 6.2, "w8": 5.6, "w9": 5.0, "w10": 4.7, "w11": 9.5, "w12": 18.0, "w13": 21.1}, "geometry": {"type": "Polygon", "coordinates": [[[11.595, 48.19727], [11.64881, 48.19745], [11.64856, 48.23342], [11.59472, 48.23325], [11.595, 48.19727]]]}}, {"type": "Feature", "properties": {"d0": 0.0016, "d1": 0.0, "d2": 0.0, "d3": 0.0, "d4": 0.0, "d5": 0.0004, "d6": 0.0004, "d7": 0.0003, "d8": 0.0002, "d9": 0.0001, "d10": 0.0001, "d11": 0.0, "d12": 0.0, "d13": 0.0, "w0": 11.7, "w1": 11.1, "w2": 10.3, "w3": 9.5, "w4": 8.7, "w5": 8.1, "w6": 7.5, "w7": 6.9, "w8": 6.4, "w9": 5.8, "w10": 5.5, "w11": 9.1, "w12": 16.2, "w13": 19.3}, "geometry": {"type": "Polygon", "coordinates": [[[11.64881, 48.19745], [11.70261, 48.1976], [11.70241, 48.23357], [11.64856, 48.23342], [11.64881, 48.19745]]]}}, {"type": "Feature", "properties": {"d0": 0.0202, "d1": 0.0186, "d2": 0.0173, "d3": 0.0159, "d4": 0.0144, "d5": 0.0129, "d6": 0.0109, "d7": 0.0084, "d8": 0.0057, "d9": 0.003, "d10": 0.0008, "d11": 0.0001, "d12": 0.0, "d13": 0.0, "w0": 5.5, "w1": 5.0, "w2": 4.4, "w3": 3.8, "w4": 3.3, "w5": 3.0, "w6": 2.6, "w7": 2.3, "w8": 2.0, "w9": 1.8, "w10": 2.3, "w11": 7.3, "w12": 17.2, "w13": 21.7}, "geometry": {"type": "Polygon", "coordinates": [[[11.70261, 48.1976], [11.75642, 48.19773], [11.75625, 48.2337], [11.70241, 48.23357], [11.70261, 48.1976]]]}}, {"type": "Feature", "properties": {"d0": 0.0, "d1": 0.0, "d2": 0.0, "d3": 0.0, "d4": 0.0, "d5": 0.0, "d6": 0.0, "d7": 0.0, "d8": 0.0, "d9": 0.0, "d10": 0.0, "d11": 0.0, "d12": 0.0, "d13": 0.0, "w0": 6.3, "w1": 5.8, "w2": 5.2, "w3": 4.6, "w4": 4.1, "w5": 3.6, "w6": 3.3, "w7": 2.9, "w8": 2.6, "w9": 2.3, "w10": 3.6, "w11": 6.3, "w12": 11.7, "w13": 14.9}, "geometry": {"type": "Polygon", "coordinates": [[[11.75642, 48.19773], [11.81023, 48.19783], [11.81009, 48.2338], [11.75625, 48.2337], [11.75642, 48.19773]]]}}, {"type": "Feature", "properties": {"d0": 0.0, "d1": 0.0, "d2": 0.0, "d3": 0.0, "d4": 0.0, "d5": 0.0, "d6": 0.0, "d7": 0.0, "d8": 0.0, "d9": 0.0, "d10": 0.0, "d11": 0.0, "d12": 0.0, "d13": 0.0, "w0": 7.2, "w1": 6.7, "w2": 6.1, "w3": 5.5, "w4": 5.0, "w5": 4.5, "w6": 4.1, "w7": 3.8, "w8": 3.4, "w9": 3.1, "w10": 3.4, "w11": 5.5, "w12": 11.4, "w13": 15.0}, "geometry": {"type": "Polygon", "coordinates": [[[11.81023, 48.19783], [11.86403, 48.19791], [11.86394, 48.23388], [11.81009, 48.2338], [11.81023, 48.19783]]]}}, {"type": "Feature", "properties": {"d0": 0.0139, "d1": 0.0133, "d2": 0.0126, "d3": 0.0118, "d4": 0.0107, "d5": 0.0098, "d6": 0.0089, "d7": 0.0081, "d8": 0.0073, "d9": 0.0065, "d10": 0.0058, "d11": 0.0053, "d12": 0.005, "d13": 0.0046, "w0": 6.0, "w1": 5.5, "w2": 5.0, "w3": 4.5, "w4": 4.0, "w5": 3.6, "w6": 3.3, "w7": 3.0, "w8": 2.7, "w9": 2.4, "w10": 2.2, "w11": 4.4, "w12": 12.8, "w13": 17.9}, "geometry": {"type": "Polygon", "coordinates": [[[11.86403, 48.19791], [11.91784, 48.19796], [11.91778, 48.23393], [11.86394, 48.23388], [11.86403, 48.19791]]]}}, {"type": "Feature", "properties": {"d0": 0.0, "d1": 0.0, "d2": 0.0, "d3": 0.0, "d4": 0.0, "d5": 0.0001, "d6": 0.0002, "d7": 0.0001, "d8": 0.0001, "d9": 0.0001, "d10": 0.0001, "d11": 0.0001, "d12": 0.0001, "d13": 0.0001, "w0": 7.7, "w1": 7.2, "w2": 6.6, "w3": 6.0, "w4": 5.5, "w5": 5.0, "w6": 4.6, "w7": 4.2, "w8": 3.9, "w9": 3.5, "w10": 3.2, "w11": 4.7, "w12": 12.3, "w13": 17.4}, "geometry": {"type": "Polygon", "coordinates": [[[11.91784, 48.19796], [11.97165, 48.19798], [11.97163, 48.23395], [11.91778, 48.23393], [11.91784, 48.19796]]]}}, {"type": "Feature", "properties": {"d0": 0.0002, "d1": 0.0001, "d2": 0.0001, "d3": 0.0001, "d4": 0.0001, "d5": 0.0001, "d6": 0.0001, "d7": 0.0, "d8": 0.0, "d9": 0.0, "d10": 0.0, "d11": 0.0, "d12": 0.0, "d13": 0.0, "w0": 8.0, "w1": 7.4, "w2": 6.9, "w3": 6.2, "w4": 5.6, "w5": 5.2, "w6": 4.7, "w7": 4.3, "w8": 3.9, "w9": 3.6, "w10": 3.3, "w11": 4.0, "w12": 11.8, "w13": 17.5}, "geometry": {"type": "Polygon", "coordinates": [[[11.97165, 48.19798], [12.02545, 48.19798], [12.02547, 48.23395], [11.97163, 48.23395], [11.97165, 48.19798]]]}}, {"type": "Feature", "properties": {"d0": 0.0002, "d1": 0.0002, "d2": 0.0002, "d3": 0.0001, "d4": 0.0001, "d5": 0.0001, "d6": 0.0001, "d7": 0.0001, "d8": 0.0, "d9": 0.0, "d10": 0.0, "d11": 0.0, "d12": 0.0, "d13": 0.0, "w0": 8.9, "w1": 8.3, "w2": 7.7, "w3": 7.0, "w4": 6.4, "w5": 5.9, "w6": 5.4, "w7": 5.0, "w8": 4.6, "w9": 4.1, "w10": 3.8, "w11": 4.1, "w12": 11.3, "w13": 17.0}, "geometry": {"type": "Polygon", "coordinates": [[[12.02545, 48.19798], [12.07926, 48.19796], [12.07932, 48.23393], [12.02547, 48.23395], [12.02545, 48.19798]]]}}, {"type": "Feature", "properties": {"d0": 0.0, "d1": 0.0, "d2": 0.0, "d3": 0.0, "d4": 0.0, "d5": 0.0, "d6": 0.0, "d7": 0.0, "d8": 0.0, "d9": 0.0, "d10": 0.0, "d11": 0.0, "d12": 0.0, "d13": 0.0, "w0": 8.8, "w1": 8.3, "w2": 7.7, "w3": 7.0, "w4": 6.4, "w5": 5.9, "w6": 5.4, "w7": 5.0, "w8": 4.6, "w9": 4.2, "w10": 3.8, "w11": 4.0, "w12": 14.3, "w13": 22.7}, "geometry": {"type": "Polygon", "coordinates": [[[12.07926, 48.19796], [12.13307, 48.19791], [12.13316, 48.23388], [12.07932, 48.23393], [12.07926, 48.19796]]]}}, {"type": "Feature", "properties": {"d0": 0.0, "d1": 0.0, "d2": 0.0, "d3": 0.0, "d4": 0.0, "d5": 0.0, "d6": 0.0, "d7": 0.0, "d8": 0.0, "d9": 0.0, "d10": 0.0, "d11": 0.0, "d12": 0.0, "d13": 0.0, "w0": 8.6, "w1": 8.0, "w2": 7.4, "w3": 6.8, "w4": 6.2, "w5": 5.7, "w6": 5.2, "w7": 4.8, "w8": 4.4, "w9": 4.0, "w10": 3.7, "w11": 4.0, "w12": 16.3, "w13": 26.1}, "geometry": {"type": "Polygon", "coordinates": [[[12.13307, 48.19791], [12.18688, 48.19783], [12.18701, 48.2338], [12.13316, 48.23388], [12.13307, 48.19791]]]}}, {"type": "Feature", "properties": {"d0": 0.0, "d1": 0.0, "d2": 0.0, "d3": 0.0, "d4": 0.0, "d5": 0.0, "d6": 0.0, "d7": 0.0, "d8": 0.0, "d9": 0.0, "d10": 0.0, "d11": 0.0, "d12": 0.0, "d13": 0.0, "w0": 8.2, "w1": 7.6, "w2": 7.1, "w3": 6.4, "w4": 5.9, "w5": 5.4, "w6": 5.0, "w7": 4.6, "w8": 4.2, "w9": 3.8, "w10": 3.5, "w11": 4.1, "w12": 17.1, "w13": 27.3}, "geometry": {"type": "Polygon", "coordinates": [[[12.18688, 48.19783], [12.24068, 48.19773], [12.24085, 48.2337], [12.18701, 48.2338], [12.18688, 48.19783]]]}}, {"type": "Feature", "properties": {"d0": 0.0, "d1": 0.0, "d2": 0.0, "d3": 0.0, "d4": 0.0, "d5": 0.0, "d6": 0.0, "d7": 0.0, "d8": 0.0, "d9": 0.0, "d10": 0.0, "d11": 0.0, "d12": 0.0, "d13": 0.0, "w0": 8.3, "w1": 7.8, "w2": 7.2, "w3": 6.6, "w4": 6.0, "w5": 5.5, "w6": 5.1, "w7": 4.7, "w8": 4.3, "w9": 3.9, "w10": 3.6, "w11": 4.3, "w12": 17.0, "w13": 26.8}, "geometry": {"type": "Polygon", "coordinates": [[[12.24068, 48.19773], [12.29449, 48.19761], [12.2947, 48.23358], [12.24085, 48.2337], [12.24068, 48.19773]]]}}, {"type": "Feature", "properties": {"d0": 0.0, "d1": 0.0, "d2": 0.0, "d3": 0.0, "d4": 0.0, "d5": 0.0, "d6": 0.0, "d7": 0.0, "d8": 0.0, "d9": 0.0, "d10": 0.0, "d11": 0.0, "d12": 0.0, "d13": 0.0, "w0": 8.3, "w1": 7.7, "w2": 7.1, "w3": 6.4, "w4": 5.8, "w5": 5.3, "w6": 4.9, "w7": 4.5, "w8": 4.1, "w9": 3.7, "w10": 3.4, "w11": 4.1, "w12": 17.0, "w13": 26.8}, "geometry": {"type": "Polygon", "coordinates": [[[12.29449, 48.19761], [12.34829, 48.19746], [12.34854, 48.23343], [12.2947, 48.23358], [12.29449, 48.19761]]]}}, {"type": "Feature", "properties": {"d0": 0.0, "d1": 0.0, "d2": 0.0, "d3": 0.0, "d4": 0.0, "d5": 0.0, "d6": 0.0, "d7": 0.0, "d8": 0.0, "d9": 0.0, "d10": 0.0, "d11": 0.0, "d12": 0.0, "d13": 0.0, "w0": 6.7, "w1": 6.2, "w2": 5.6, "w3": 5.0, "w4": 4.5, "w5": 4.0, "w6": 3.7, "w7": 3.3, "w8": 3.0, "w9": 2.7, "w10": 2.4, "w11": 4.0, "w12": 16.4, "w13": 25.1}, "geometry": {"type": "Polygon", "coordinates": [[[12.34829, 48.19746], [12.4021, 48.19728], [12.40238, 48.23325], [12.34854, 48.23343], [12.34829, 48.19746]]]}}, {"type": "Feature", "properties": {"d0": 0.0, "d1": 0.0, "d2": 0.0, "d3": 0.0, "d4": 0.0, "d5": 0.0, "d6": 0.0, "d7": 0.0, "d8": 0.0, "d9": 0.0, "d10": 0.0, "d11": 0.0, "d12": 0.0, "d13": 0.0, "w0": 8.5, "w1": 7.9, "w2": 7.3, "w3": 6.6, "w4": 6.0, "w5": 5.5, "w6": 5.1, "w7": 4.6, "w8": 4.2, "w9": 3.8, "w10": 3.5, "w11": 6.4, "w12": 19.3, "w13": 27.1}, "geometry": {"type": "Polygon", "coordinates": [[[12.4021, 48.19728], [12.45591, 48.19708], [12.45622, 48.23305], [12.40238, 48.23325], [12.4021, 48.19728]]]}}, {"type": "Feature", "properties": {"d0": 0.0, "d1": 0.0, "d2": 0.0, "d3": 0.0, "d4": 0.0, "d5": 0.0, "d6": 0.0, "d7": 0.0, "d8": 0.0, "d9": 0.0, "d10": 0.0, "d11": 0.0, "d12": 0.0, "d13": 0.0, "w0": 8.5, "w1": 7.9, "w2": 7.2, "w3": 6.5, "w4": 5.8, "w5": 5.3, "w6": 4.8, "w7": 4.4, "w8": 3.9, "w9": 3.5, "w10": 3.2, "w11": 9.2, "w12": 24.9, "w13": 32.6}, "geometry": {"type": "Polygon", "coordinates": [[[12.45591, 48.19708], [12.50971, 48.19685], [12.51007, 48.23282], [12.45622, 48.23305], [12.45591, 48.19708]]]}}, {"type": "Feature", "properties": {"d0": 0.0, "d1": 0.0, "d2": 0.0, "d3": 0.0, "d4": 0.0, "d5": 0.0, "d6": 0.0, "d7": 0.0, "d8": 0.0, "d9": 0.0, "d10": 0.0, "d11": 0.0, "d12": 0.0, "d13": 0.0, "w0": 9.9, "w1": 9.1, "w2": 8.2, "w3": 7.3, "w4": 6.4, "w5": 5.7, "w6": 5.1, "w7": 4.6, "w8": 4.1, "w9": 3.6, "w10": 3.2, "w11": 10.1, "w12": 26.5, "w13": 34.1}, "geometry": {"type": "Polygon", "coordinates": [[[12.50971, 48.19685], [12.56351, 48.1966], [12.56391, 48.23257], [12.51007, 48.23282], [12.50971, 48.19685]]]}}, {"type": "Feature", "properties": {"d0": 0.0, "d1": 0.0, "d2": 0.0, "d3": 0.0, "d4": 0.0, "d5": 0.0, "d6": 0.0, "d7": 0.0, "d8": 0.0, "d9": 0.0, "d10": 0.0, "d11": 0.0, "d12": 0.0, "d13": 0.0, "w0": 11.4, "w1": 10.5, "w2": 9.5, "w3": 8.5, "w4": 7.5, "w5": 6.7, "w6": 6.1, "w7": 5.5, "w8": 4.9, "w9": 4.3, "w10": 3.9, "w11": 7.1, "w12": 20.0, "w13": 27.5}, "geometry": {"type": "Polygon", "coordinates": [[[12.56351, 48.1966], [12.61732, 48.19632], [12.61775, 48.23229], [12.56391, 48.23257], [12.56351, 48.1966]]]}}, {"type": "Feature", "properties": {"d0": 0.0, "d1": 0.0, "d2": 0.0, "d3": 0.0, "d4": 0.0, "d5": 0.0, "d6": 0.0, "d7": 0.0, "d8": 0.0, "d9": 0.0, "d10": 0.0, "d11": 0.0, "d12": 0.0, "d13": 0.0, "w0": 11.9, "w1": 10.8, "w2": 9.6, "w3": 8.3, "w4": 7.2, "w5": 6.3, "w6": 5.6, "w7": 4.9, "w8": 4.3, "w9": 3.8, "w10": 3.3, "w11": 4.6, "w12": 15.9, "w13": 23.8}, "geometry": {"type": "Polygon", "coordinates": [[[12.61732, 48.19632], [12.67112, 48.19602], [12.67159, 48.23199], [12.61775, 48.23229], [12.61732, 48.19632]]]}}, {"type": "Feature", "properties": {"d0": 0.0, "d1": 0.0, "d2": 0.0, "d3": 0.0, "d4": 0.0, "d5": 0.0, "d6": 0.0, "d7": 0.0, "d8": 0.0, "d9": 0.0, "d10": 0.0, "d11": 0.0, "d12": 0.0, "d13": 0.0, "w0": 14.4, "w1": 13.6, "w2": 12.3, "w3": 11.0, "w4": 9.8, "w5": 8.9, "w6": 8.0, "w7": 7.3, "w8": 6.5, "w9": 5.8, "w10": 5.2, "w11": 7.9, "w12": 20.7, "w13": 28.4}, "geometry": {"type": "Polygon", "coordinates": [[[12.67112, 48.19602], [12.72492, 48.1957], [12.72543, 48.23167], [12.67159, 48.23199], [12.67112, 48.19602]]]}}, {"type": "Feature", "properties": {"d0": 0.0041, "d1": 0.0037, "d2": 0.0034, "d3": 0.0029, "d4": 0.0025, "d5": 0.0023, "d6": 0.0023, "d7": 0.0022, "d8": 0.0021, "d9": 0.0019, "d10": 0.0016, "d11": 0.0013, "d12": 0.001, "d13": 0.0008, "w0": 17.8, "w1": 16.6, "w2": 14.6, "w3": 12.5, "w4": 10.8, "w5": 9.4, "w6": 8.3, "w7": 7.2, "w8": 6.3, "w9": 5.4, "w10": 4.8, "w11": 11.1, "w12": 19.1, "w13": 20.2}, "geometry": {"type": "Polygon", "coordinates": [[[11.43319, 48.23256], [11.48703, 48.23282], [11.48668, 48.26879], [11.4328, 48.26853], [11.43319, 48.23256]]]}}, {"type": "Feature", "properties": {"d0": 0.0033, "d1": 0.0028, "d2": 0.0022, "d3": 0.0015, "d4": 0.001, "d5": 0.0006, "d6": 0.0005, "d7": 0.0004, "d8": 0.0005, "d9": 0.0006, "d10": 0.0006, "d11": 0.0005, "d12": 0.0004, "d13": 0.0004, "w0": 11.7, "w1": 11.3, "w2": 10.3, "w3": 9.2, "w4": 8.2, "w5": 7.4, "w6": 6.7, "w7": 6.0, "w8": 5.4, "w9": 4.8, "w10": 4.4, "w11": 13.5, "w12": 23.9, "w13": 24.9}, "geometry": {"type": "Polygon", "coordinates": [[[11.48703, 48.23282], [11.54088, 48.23304], [11.54055, 48.26902], [11.48668, 48.26879], [11.48703, 48.23282]]]}}, {"type": "Feature", "properties": {"d0": 0.0024, "d1": 0.0016, "d2": 0.0013, "d3": 0.001, "d4": 0.0008, "d5": 0.0006, "d6": 0.0006, "d7": 0.0011, "d8": 0.0013, "d9": 0.0012, "d10": 0.001, "d11": 0.0008, "d12": 0.0006, "d13": 0.0005, "w0": 8.4, "w1": 8.1, "w2": 7.4, "w3": 6.6, "w4": 5.9, "w5": 5.3, "w6": 4.8, "w7": 4.3, "w8": 3.9, "w9": 3.5, "w10": 3.4, "w11": 15.4, "w12": 28.0, "w13": 29.1}, "geometry": {"type": "Polygon", "coordinates": [[[11.54088, 48.23304], [11.59472, 48.23325], [11.59444, 48.26922], [11.54055, 48.26902], [11.54088, 48.23304]]]}}, {"type": "Feature", "properties": {"d0": 0.002, "d1": 0.0011, "d2": 0.0009, "d3": 0.0008, "d4": 0.0008, "d5": 0.0008, "d6": 0.0009, "d7": 0.0009, "d8": 0.0008, "d9": 0.0007, "d10": 0.0005, "d11": 0.0004, "d12": 0.0003, "d13": 0.0002, "w0": 12.0, "w1": 11.5, "w2": 10.8, "w3": 9.9, "w4": 9.2, "w5": 8.5, "w6": 8.0, "w7": 7.4, "w8": 6.8, "w9": 6.3, "w10": 6.1, "w11": 13.8, "w12": 23.8, "w13": 25.8}, "geometry": {"type": "Polygon", "coordinates": [[[11.59472, 48.23325], [11.64856, 48.23342], [11.64832, 48.26939], [11.59444, 48.26922], [11.59472, 48.23325]]]}}, {"type": "Feature", "properties": {"d0": 0.0004, "d1": 0.0, "d2": 0.0, "d3": 0.0, "d4": 0.0, "d5": 0.0, "d6": 0.0, "d7": 0.0, "d8": 0.0001, "d9": 0.0001, "d10": 0.0001, "d11": 0.0001, "d12": 0.0001, "d13": 0.0, "w0": 8.2, "w1": 7.7, "w2": 7.0, "w3": 6.3, "w4": 5.6, "w5": 5.1, "w6": 4.7, "w7": 4.2, "w8": 3.8, "w9": 3.4, "w10": 3.2, "w11": 9.2, "w12": 18.1, "w13": 20.6}, "geometry": {"type": "Polygon", "coordinates": [[[11.64856, 48.23342], [11.70241, 48.23357], [11.7022, 48.26955], [11.64832, 48.26939], [11.64856, 48.23342]]]}}, {"type": "Feature", "properties": {"d0": 0.0, "d1": 0.0, "d2": 0.0, "d3": 0.0, "d4": 0.0, "d5": 0.0, "d6": 0.0, "d7": 0.0, "d8": 0.0, "d9": 0.0, "d10": 0.0, "d11": 0.0, "d12": 0.0, "d13": 0.0, "w0": 5.4, "w1": 5.0, "w2": 4.5, "w3": 4.0, "w4": 3.5, "w5": 3.2, "w6": 2.9, "w7": 2.6, "w8": 2.3, "w9": 2.0, "w10": 2.5, "w11": 10.6, "w12": 21.4, "w13": 24.2}, "geometry": {"type": "Polygon", "coordinates": [[[11.70241, 48.23357], [11.75625, 48.2337], [11.75608, 48.26967], [11.7022, 48.26955], [11.70241, 48.23357]]]}}, {"type": "Feature", "properties": {"d0": 0.0, "d1": 0.0, "d2": 0.0, "d3": 0.0, "d4": 0.0, "d5": 0.0, "d6": 0.0, "d7": 0.0001, "d8": 0.0001, "d9": 0.0001, "d10": 0.0, "d11": 0.0, "d12": 0.0, "d13": 0.0, "w0": 5.7, "w1": 5.2, "w2": 4.7, "w3": 4.2, "w4": 3.8, "w5": 3.4, "w6": 3.1, "w7": 2.7, "w8": 2.5, "w9": 2.2, "w10": 3.0, "w11": 10.6, "w12": 20.4, "w13": 23.1}, "geometry": {"type": "Polygon", "coordinates": [[[11.75625, 48.2337], [11.81009, 48.2338], [11.80996, 48.26977], [11.75608, 48.26967], [11.75625, 48.2337]]]}}, {"type": "Feature", "properties": {"d0": 0.0002, "d1": 0.0003, "d2": 0.0017, "d3": 0.002, "d4": 0.0019, "d5": 0.0018, "d6": 0.0016, "d7": 0.0014, "d8": 0.0011, "d9": 0.0008, "d10": 0.0006, "d11": 0.0004, "d12": 0.0, "d13": 0.0, "w0": 4.4, "w1": 4.1, "w2": 3.7, "w3": 3.2, "w4": 2.8, "w5": 2.5, "w6": 2.3, "w7": 2.0, "w8": 1.8, "w9": 1.6, "w10": 2.1, "w11": 9.6, "w12": 20.6, "w13": 24.1}, "geometry": {"type": "Polygon", "coordinates": [[[11.81009, 48.2338], [11.86394, 48.23388], [11.86384, 48.26985], [11.80996, 48.26977], [11.81009, 48.2338]]]}}, {"type": "Feature", "properties": {"d0": 0.0045, "d1": 0.0072, "d2": 0.0085, "d3": 0.0082, "d4": 0.0077, "d5": 0.0072, "d6": 0.0066, "d7": 0.0061, "d8": 0.0056, "d9": 0.005, "d10": 0.0043, "d11": 0.0039, "d12": 0.0036, "d13": 0.0033, "w0": 4.4, "w1": 4.1, "w2": 3.7, "w3": 3.3, "w4": 2.9, "w5": 2.6, "w6": 2.3, "w7": 2.1, "w8": 1.8, "w9": 1.6, "w10": 1.5, "w11": 8.1, "w12": 20.2, "w13": 24.9}, "geometry": {"type": "Polygon", "coordinates": [[[11.86394, 48.23388], [11.91778, 48.23393], [11.91773, 48.2699], [11.86384, 48.26985], [11.86394, 48.23388]]]}}, {"type": "Feature", "properties": {"d0": 0.0, "d1": 0.0, "d2": 0.0, "d3": 0.0, "d4": 0.0001, "d5": 0.0001, "d6": 0.0001, "d7": 0.0001, "d8": 0.0001, "d9": 0.0001, "d10": 0.0001, "d11": 0.0001, "d12": 0.0001, "d13": 0.0001, "w0": 6.8, "w1": 6.4, "w2": 5.9, "w3": 5.3, "w4": 4.8, "w5": 4.4, "w6": 4.0, "w7": 3.7, "w8": 3.3, "w9": 3.0, "w10": 2.8, "w11": 7.0, "w12": 17.0, "w13": 21.8}, "geometry": {"type": "Polygon", "coordinates": [[[11.91778, 48.23393], [11.97163, 48.23395], [11.97161, 48.26993], [11.91773, 48.2699], [11.91778, 48.23393]]]}}, {"type": "Feature", "properties": {"d0": 0.0, "d1": 0.0, "d2": 0.0, "d3": 0.0, "d4": 0.0, "d5": 0.0, "d6": 0.0, "d7": 0.0, "d8": 0.0, "d9": 0.0, "d10": 0.0, "d11": 0.0, "d12": 0.0, "d13": 0.0, "w0": 5.7, "w1": 5.3, "w2": 4.8, "w3": 4.3, "w4": 3.9, "w5": 3.5, "w6": 3.2, "w7": 2.9, "w8": 2.6, "w9": 2.3, "w10": 2.1, "w11": 5.4, "w12": 16.4, "w13": 22.6}, "geometry": {"type": "Polygon", "coordinates": [[[11.97163, 48.23395], [12.02547, 48.23395], [12.02549, 48.26993], [11.97161, 48.26993], [11.97163, 48.23395]]]}}, {"type": "Feature", "properties": {"d0": 0.0, "d1": 0.0, "d2": 0.0, "d3": 0.0, "d4": 0.0, "d5": 0.0, "d6": 0.0, "d7": 0.0, "d8": 0.0, "d9": 0.0, "d10": 0.0, "d11": 0.0, "d12": 0.0, "d13": 0.0, "w0": 7.4, "w1": 6.9, "w2": 6.4, "w3": 5.8, "w4": 5.3, "w5": 4.9, "w6": 4.5, "w7": 4.1, "w8": 3.8, "w9": 3.4, "w10": 3.2, "w11": 5.2, "w12": 14.3, "w13": 20.0}, "geometry": {"type": "Polygon", "coordinates": [[[12.02547, 48.23395], [12.07932, 48.23393], [12.07937, 48.2699], [12.02549, 48.26993], [12.02547, 48.23395]]]}}, {"type": "Feature", "properties": {"d0": 0.0, "d1": 0.0, "d2": 0.0, "d3": 0.0, "d4": 0.0, "d5": 0.0, "d6": 0.0, "d7": 0.0, "d8": 0.0, "d9": 0.0, "d10": 0.0, "d11": 0.0, "d12": 0.0, "d13": 0.0, "w0": 7.7, "w1": 7.2, "w2": 6.7, "w3": 6.1, "w4": 5.6, "w5": 5.1, "w6": 4.7, "w7": 4.4, "w8": 4.0, "w9": 3.6, "w10": 3.3, "w11": 4.8, "w12": 15.3, "w13": 22.4}, "geometry": {"type": "Polygon", "coordinates": [[[12.07932, 48.23393], [12.13316, 48.23388], [12.13326, 48.26985], [12.07937, 48.2699], [12.07932, 48.23393]]]}}, {"type": "Feature", "properties": {"d0": 0.0, "d1": 0.0, "d2": 0.0, "d3": 0.0, "d4": 0.0, "d5": 0.0, "d6": 0.0, "d7": 0.0, "d8": 0.0, "d9": 0.0, "d10": 0.0, "d11": 0.0, "d12": 0.0, "d13": 0.0, "w0": 7.2, "w1": 6.7, "w2": 6.2, "w3": 5.6, "w4": 5.1, "w5": 4.7, "w6": 4.3, "w7": 3.9, "w8": 3.6, "w9": 3.3, "w10": 3.0, "w11": 4.2, "w12": 15.7, "w13": 23.9}, "geometry": {"type": "Polygon", "coordinates": [[[12.13316, 48.23388], [12.18701, 48.2338], [12.18714, 48.26978], [12.13326, 48.26985], [12.13316, 48.23388]]]}}, {"type": "Feature", "properties": {"d0": 0.0, "d1": 0.0, "d2": 0.0, "d3": 0.0, "d4": 0.0, "d5": 0.0, "d6": 0.0, "d7": 0.0, "d8": 0.0, "d9": 0.0, "d10": 0.0, "d11": 0.0, "d12": 0.0, "d13": 0.0, "w0": 6.9, "w1": 6.4, "w2": 5.9, "w3": 5.3, "w4": 4.9, "w5": 4.4, "w6": 4.1, "w7": 3.7, "w8": 3.4, "w9": 3.1, "w10": 2.8, "w11": 4.9, "w12": 17.4, "w13": 26.0}, "geometry": {"type": "Polygon", "coordinates": [[[12.18701, 48.2338], [12.24085, 48.2337], [12.24102, 48.26968], [12.18714, 48.26978], [12.18701, 48.2338]]]}}, {"type": "Feature", "properties": {"d0": 0.0, "d1": 0.0, "d2": 0.0, "d3": 0.0, "d4": 0.0, "d5": 0.0, "d6": 0.0, "d7": 0.0, "d8": 0.0, "d9": 0.0, "d10": 0.0, "d11": 0.0, "d12": 0.0, "d13": 0.0, "w0": 6.0, "w1": 5.6, "w2": 5.1, "w3": 4.6, "w4": 4.1, "w5": 3.8, "w6": 3.4, "w7": 3.1, "w8": 2.8, "w9": 2.5, "w10": 2.3, "w11": 4.9, "w12": 18.5, "w13": 27.4}, "geometry": {"type": "Polygon", "coordinates": [[[12.24085, 48.2337], [12.2947, 48.23358], [12.2949, 48.26955], [12.24102, 48.26968], [12.24085, 48.2337]]]}}, {"type": "Feature", "properties": {"d0": 0.0, "d1": 0.0, "d2": 0.0, "d3": 0.0, "d4": 0.0, "d5": 0.0, "d6": 0.0, "d7": 0.0, "d8": 0.0, "d9": 0.0, "d10": 0.0, "d11": 0.0, "d12": 0.0, "d13": 0.0, "w0": 5.3, "w1": 4.9, "w2": 4.4, "w3": 3.9, "w4": 3.5, "w5": 3.1, "w6": 2.8, "w7": 2.6, "w8": 2.3, "w9": 2.0, "w10": 1.8, "w11": 3.9, "w12": 17.1, "w13": 26.0}, "geometry": {"type": "Polygon", "coordinates": [[[12.2947, 48.23358], [12.34854, 48.23343], [12.34878, 48.2694], [12.2949, 48.26955], [12.2947, 48.23358]]]}}, {"type": "Feature", "properties": {"d0": 0.0, "d1": 0.0, "d2": 0.0, "d3": 0.0, "d4": 0.0, "d5": 0.0, "d6": 0.0, "d7": 0.0, "d8": 0.0, "d9": 0.0, "d10": 0.0, "d11": 0.0, "d12": 0.0, "d13": 0.0, "w0": 5.3, "w1": 4.9, "w2": 4.4, "w3": 3.9, "w4": 3.5, "w5": 3.1, "w6": 2.8, "w7": 2.6, "w8": 2.3, "w9": 2.0, "w10": 1.8, "w11": 5.1, "w12": 18.1, "w13": 25.9}, "geometry": {"type": "Polygon", "coordinates": [[[12.34854, 48.23343], [12.40238, 48.23325], [12.40267, 48.26922], [12.34878, 48.2694], [12.34854, 48.23343]]]}}, {"type": "Feature", "properties": {"d0": 0.0, "d1": 0.0, "d2": 0.0, "d3": 0.0, "d4": 0.0, "d5": 0.0, "d6": 0.0, "d7": 0.0, "d8": 0.0, "d9": 0.0, "d10": 0.0, "d11": 0.0, "d12": 0.0, "d13": 0.0, "w0": 5.5, "w1": 5.1, "w2": 4.6, "w3": 4.2, "w4": 3.7, "w5": 3.4, "w6": 3.1, "w7": 2.8, "w8": 2.5, "w9": 2.3, "w10": 2.1, "w11": 6.6, "w12": 19.0, "w13": 25.3}, "geometry": {"type": "Polygon", "coordinates": [[[12.40238, 48.23325], [12.45622, 48.23305], [12.45655, 48.26902], [12.40267, 48.26922], [12.40238, 48.23325]]]}}, {"type": "Feature", "properties": {"d0": 0.0, "d1": 0.0, "d2": 0.0, "d3": 0.0, "d4": 0.0, "d5": 0.0, "d6": 0.0, "d7": 0.0, "d8": 0.0, "d9": 0.0, "d10": 0.0, "d11": 0.0, "d12": 0.0, "d13": 0.0, "w0": 5.6, "w1": 5.1, "w2": 4.6, "w3": 4.1, "w4": 3.7, "w5": 3.3, "w6": 3.0, "w7": 2.7, "w8": 2.4, "w9": 2.1, "w10": 1.9, "w11": 14.0, "w12": 32.8, "w13": 38.4}, "geometry": {"type": "Polygon", "coordinates": [[[12.45622, 48.23305], [12.51007, 48.23282], [12.51043, 48.26879], [12.45655, 48.26902], [12.45622, 48.23305]]]}}, {"type": "Feature", "properties": {"d0": 0.0, "d1": 0.0, "d2": 0.0, "d3": 0.0, "d4": 0.0, "d5": 0.0, "d6": 0.0, "d7": 0.0, "d8": 0.0, "d9": 0.0, "d10": 0.0, "d11": 0.0, "d12": 0.0, "d13": 0.0, "w0": 5.9, "w1": 5.4, "w2": 4.8, "w3": 4.2, "w4": 3.6, "w5": 3.2, "w6": 2.8, "w7": 2.5, "w8": 2.2, "w9": 1.9, "w10": 1.7, "w11": 15.5, "w12": 35.3, "w13": 40.5}, "geometry": {"type": "Polygon", "coordinates": [[[12.51007, 48.23282], [12.56391, 48.23257], [12.5643, 48.26854], [12.51043, 48.26879], [12.51007, 48.23282]]]}}, {"type": "Feature", "properties": {"d0": 0.0, "d1": 0.0, "d2": 0.0, "d3": 0.0, "d4": 0.0, "d5": 0.0, "d6": 0.0, "d7": 0.0, "d8": 0.0, "d9": 0.0, "d10": 0.0, "d11": 0.0, "d12": 0.0, "d13": 0.0, "w0": 7.1, "w1": 6.4, "w2": 5.7, "w3": 5.0, "w4": 4.4, "w5": 3.9, "w6": 3.5, "w7": 3.1, "w8": 2.7, "w9": 2.4, "w10": 2.1, "w11": 12.0, "w12": 28.6, "w13": 34.0}, "geometry": {"type": "Polygon", "coordinates": [[[12.56391, 48.23257], [12.61775, 48.23229], [12.61818, 48.26827], [12.5643, 48.26854], [12.56391, 48.23257]]]}}, {"type": "Feature", "properties": {"d0": 0.0, "d1": 0.0, "d2": 0.0, "d3": 0.0, "d4": 0.0, "d5": 0.0, "d6": 0.0, "d7": 0.0, "d8": 0.0, "d9": 0.0, "d10": 0.0, "d11": 0.0, "d12": 0.0, "d13": 0.0, "w0": 8.2, "w1": 7.4, "w2": 6.5, "w3": 5.7, "w4": 4.9, "w5": 4.4, "w6": 3.9, "w7": 3.4, "w8": 3.0, "w9": 2.6, "w10": 2.3, "w11": 9.6, "w12": 24.6, "w13": 30.7}, "geometry": {"type": "Polygon", "coordinates": [[[12.61775, 48.23229], [12.67159, 48.23199], [12.67206, 48.26796], [12.61818, 48.26827], [12.61775, 48.23229]]]}}, {"type": "Feature", "properties": {"d0": 0.0, "d1": 0.0, "d2": 0.0, "d3": 0.0, "d4": 0.0, "d5": 0.0, "d6": 0.0, "d7": 0.0, "d8": 0.0, "d9": 0.0, "d10": 0.0, "d11": 0.0, "d12": 0.0, "d13": 0.0, "w0": 8.8, "w1": 7.9, "w2": 7.0, "w3": 6.1, "w4": 5.2, "w5": 4.6, "w6": 4.0, "w7": 3.5, "w8": 3.1, "w9": 2.7, "w10": 2.3, "w11": 9.2, "w12": 25.0, "w13": 31.9}, "geometry": {"type": "Polygon", "coordinates": [[[12.67159, 48.23199], [12.72543, 48.23167], [12.72594, 48.26764], [12.67206, 48.26796], [12.67159, 48.23199]]]}}, {"type": "Feature", "properties": {"d0": 0.0029, "d1": 0.0027, "d2": 0.0025, "d3": 0.0022, "d4": 0.0019, "d5": 0.0017, "d6": 0.0016, "d7": 0.0016, "d8": 0.0015, "d9": 0.0014, "d10": 0.0012, "d11": 0.001, "d12": 0.0009, "d13": 0.0007, "w0": 16.4, "w1": 15.0, "w2": 13.3, "w3": 11.6, "w4": 10.1, "w5": 9.0, "w6": 8.0, "w7": 7.0, "w8": 6.2, "w9": 5.4, "w10": 4.8, "w11": 8.4, "w12": 13.5, "w13": 14.0}, "geometry": {"type": "Polygon", "coordinates": [[[11.4328, 48.26853], [11.48668, 48.26879], [11.48632, 48.30476], [11.4324, 48.30451], [11.4328, 48.26853]]]}}, {"type": "Feature", "properties": {"d0": 0.0027, "d1": 0.0024, "d2": 0.002, "d3": 0.0016, "d4": 0.0011, "d5": 0.0007, "d6": 0.0006, "d7": 0.0006, "d8": 0.0006, "d9": 0.0006, "d10": 0.0006, "d11": 0.0005, "d12": 0.0004, "d13": 0.0003, "w0": 8.4, "w1": 7.8, "w2": 7.1, "w3": 6.4, "w4": 5.7, "w5": 5.2, "w6": 4.7, "w7": 4.2, "w8": 3.8, "w9": 3.4, "w10": 3.1, "w11": 6.6, "w12": 11.5, "w13": 12.2}, "geometry": {"type": "Polygon", "coordinates": [[[11.48668, 48.26879], [11.54055, 48.26902], [11.54023, 48.30499], [11.48632, 48.30476], [11.48668, 48.26879]]]}}, {"type": "Feature", "properties": {"d0": 0.0048, "d1": 0.0043, "d2": 0.0037, "d3": 0.0031, "d4": 0.0025, "d5": 0.0021, "d6": 0.0018, "d7": 0.0017, "d8": 0.0015, "d9": 0.0013, "d10": 0.001, "d11": 0.0007, "d12": 0.0005, "d13": 0.0004, "w0": 4.6, "w1": 4.3, "w2": 3.9, "w3": 3.5, "w4": 3.1, "w5": 2.8, "w6": 2.5, "w7": 2.3, "w8": 2.0, "w9": 1.8, "w10": 1.6, "w11": 8.7, "w12": 17.0, "w13": 17.8}, "geometry": {"type": "Polygon", "coordinates": [[[11.54055, 48.26902], [11.59444, 48.26922], [11.59415, 48.30519], [11.54023, 48.30499], [11.54055, 48.26902]]]}}, {"type": "Feature", "properties": {"d0": 0.0019, "d1": 0.0014, "d2": 0.001, "d3": 0.0004, "d4": 0.0001, "d5": 0.0001, "d6": 0.0003, "d7": 0.0003, "d8": 0.0003, "d9": 0.0003, "d10": 0.0002, "d11": 0.0001, "d12": 0.0001, "d13": 0.0001, "w0": 4.8, "w1": 4.5, "w2": 4.1, "w3": 3.7, "w4": 3.3, "w5": 3.0, "w6": 2.7, "w7": 2.5, "w8": 2.2, "w9": 2.0, "w10": 1.8, "w11": 10.7, "w12": 21.6, "w13": 23.3}, "geometry": {"type": "Polygon", "coordinates": [[[11.59444, 48.26922], [11.64832, 48.26939], [11.64807, 48.30537], [11.59415, 48.30519], [11.59444, 48.26922]]]}}, {"type": "Feature", "properties": {"d0": 0.0006, "d1": 0.0004, "d2": 0.0003, "d3": 0.0002, "d4": 0.0001, "d5": 0.0001, "d6": 0.0001, "d7": 0.0001, "d8": 0.0001, "d9": 0.0001, "d10": 0.0001, "d11": 0.0001, "d12": 0.0, "d13": 0.0, "w0": 8.5, "w1": 8.1, "w2": 7.5, "w3": 6.9, "w4": 6.3, "w5": 5.9, "w6": 5.5, "w7": 5.1, "w8": 4.7, "w9": 4.3, "w10": 4.0, "w11": 9.8, "w12": 17.5, "w13": 19.2}, "geometry": {"type": "Polygon", "coordinates": [[[11.64832, 48.26939], [11.7022, 48.26955], [11.70199, 48.30552], [11.64807, 48.30537], [11.64832, 48.26939]]]}}, {"type": "Feature", "properties": {"d0": 0.0, "d1": 0.0, "d2": 0.0, "d3": 0.0, "d4": 0.0, "d5": 0.0, "d6": 0.0, "d7": 0.0, "d8": 0.0, "d9": 0.0, "d10": 0.0, "d11": 0.0, "d12": 0.0, "d13": 0.0, "w0": 4.4, "w1": 4.2, "w2": 3.8, "w3": 3.4, "w4": 3.0, "w5": 2.7, "w6": 2.5, "w7": 2.2, "w8": 2.0, "w9": 1.8, "w10": 1.8, "w11": 13.9, "w12": 28.3, "w13": 30.7}, "geometry": {"type": "Polygon", "coordinates": [[[11.7022, 48.26955], [11.75608, 48.26967], [11.75591, 48.30565], [11.70199, 48.30552], [11.7022, 48.26955]]]}}, {"type": "Feature", "properties": {"d0": 0.0, "d1": 0.0, "d2": 0.0, "d3": 0.0, "d4": 0.0, "d5": 0.0, "d6": 0.0, "d7": 0.0, "d8": 0.0, "d9": 0.0, "d10": 0.0, "d11": 0.0, "d12": 0.0, "d13": 0.0, "w0": 5.4, "w1": 5.1, "w2": 4.7, "w3": 4.2, "w4": 3.8, "w5": 3.4, "w6": 3.1, "w7": 2.9, "w8": 2.6, "w9": 2.3, "w10": 2.2, "w11": 15.0, "w12": 29.9, "w13": 32.3}, "geometry": {"type": "Polygon", "coordinates": [[[11.75608, 48.26967], [11.80996, 48.26977], [11.80983, 48.30575], [11.75591, 48.30565], [11.75608, 48.26967]]]}}, {"type": "Feature", "properties": {"d0": 0.0147, "d1": 0.0129, "d2": 0.011, "d3": 0.0089, "d4": 0.0078, "d5": 0.0054, "d6": 0.0015, "d7": 0.0002, "d8": 0.0, "d9": 0.0001, "d10": 0.0004, "d11": 0.0004, "d12": 0.0004, "d13": 0.0003, "w0": 3.1, "w1": 2.9, "w2": 2.6, "w3": 2.2, "w4": 1.9, "w5": 1.7, "w6": 1.5, "w7": 1.4, "w8": 1.2, "w9": 1.0, "w10": 1.0, "w11": 16.4, "w12": 34.7, "w13": 38.0}, "geometry": {"type": "Polygon", "coordinates": [[[11.80996, 48.26977], [11.86384, 48.26985], [11.86375, 48.30582], [11.80983, 48.30575], [11.80996, 48.26977]]]}}, {"type": "Feature", "properties": {"d0": 0.0268, "d1": 0.0245, "d2": 0.022, "d3": 0.0188, "d4": 0.016, "d5": 0.0137, "d6": 0.0121, "d7": 0.0115, "d8": 0.0108, "d9": 0.0091, "d10": 0.0051, "d11": 0.0021, "d12": 0.0022, "d13": 0.0018, "w0": 2.6, "w1": 2.4, "w2": 2.1, "w3": 1.8, "w4": 1.6, "w5": 1.4, "w6": 1.2, "w7": 1.1, "w8": 0.9, "w9": 0.8, "w10": 0.7, "w11": 14.3, "w12": 33.1, "w13": 37.8}, "geometry": {"type": "Polygon", "coordinates": [[[11.86384, 48.26985], [11.91773, 48.2699], [11.91767, 48.30587], [11.86375, 48.30582], [11.86384, 48.26985]]]}}, {"type": "Feature", "properties": {"d0": 0.0, "d1": 0.0, "d2": 0.0, "d3": 0.0, "d4": 0.0, "d5": 0.0, "d6": 0.0, "d7": 0.0001, "d8": 0.0001, "d9": 0.0001, "d10": 0.0001, "d11": 0.0001, "d12": 0.0001, "d13": 0.0001, "w0": 4.4, "w1": 4.0, "w2": 3.6, "w3": 3.2, "w4": 2.9, "w5": 2.6, "w6": 2.3, "w7": 2.1, "w8": 1.9, "w9": 1.6, "w10": 1.5, "w11": 10.0, "w12": 25.6, "w13": 31.4}, "geometry": {"type": "Polygon", "coordinates": [[[11.91773, 48.2699], [11.97161, 48.26993], [11.97159, 48.3059], [11.91767, 48.30587], [11.91773, 48.2699]]]}}, {"type": "Feature", "properties": {"d0": 0.0, "d1": 0.0, "d2": 0.0, "d3": 0.0, "d4": 0.0, "d5": 0.0, "d6": 0.0, "d7": 0.0, "d8": 0.0001, "d9": 0.0001, "d10": 0.0001, "d11": 0.0001, "d12": 0.0001, "d13": 0.0, "w0": 5.5, "w1": 5.1, "w2": 4.7, "w3": 4.2, "w4": 3.8, "w5": 3.4, "w6": 3.1, "w7": 2.8, "w8": 2.6, "w9": 2.3, "w10": 2.1, "w11": 7.8, "w12": 21.4, "w13": 27.7}, "geometry": {"type": "Polygon", "coordinates": [[[11.97161, 48.26993], [12.02549, 48.26993], [12.02551, 48.3059], [11.97159, 48.3059], [11.97161, 48.26993]]]}}, {"type": "Feature", "properties": {"d0": 0.0, "d1": 0.0, "d2": 0.0, "d3": 0.0, "d4": 0.0, "d5": 0.0, "d6": 0.0, "d7": 0.0, "d8": 0.0, "d9": 0.0, "d10": 0.0, "d11": 0.0, "d12": 0.0, "d13": 0.0, "w0": 5.6, "w1": 5.2, "w2": 4.8, "w3": 4.4, "w4": 3.9, "w5": 3.6, "w6": 3.3, "w7": 3.0, "w8": 2.7, "w9": 2.5, "w10": 2.2, "w11": 7.1, "w12": 19.5, "w13": 25.7}, "geometry": {"type": "Polygon", "coordinates": [[[12.02549, 48.26993], [12.07937, 48.2699], [12.07943, 48.30587], [12.02551, 48.3059], [12.02549, 48.26993]]]}}, {"type": "Feature", "properties": {"d0": 0.0, "d1": 0.0, "d2": 0.0, "d3": 0.0, "d4": 0.0, "d5": 0.0, "d6": 0.0, "d7": 0.0, "d8": 0.0, "d9": 0.0, "d10": 0.0, "d11": 0.0, "d12": 0.0, "d13": 0.0, "w0": 4.6, "w1": 4.2, "w2": 3.8, "w3": 3.5, "w4": 3.1, "w5": 2.8, "w6": 2.6, "w7": 2.3, "w8": 2.1, "w9": 1.9, "w10": 1.7, "w11": 7.3, "w12": 21.6, "w13": 28.6}, "geometry": {"type": "Polygon", "coordinates": [[[12.07937, 48.2699], [12.13326, 48.26985], [12.13335, 48.30582], [12.07943, 48.30587], [12.07937, 48.2699]]]}}, {"type": "Feature", "properties": {"d0": 0.0, "d1": 0.0, "d2": 0.0, "d3": 0.0, "d4": 0.0, "d5": 0.0, "d6": 0.0, "d7": 0.0, "d8": 0.0, "d9": 0.0, "d10": 0.0, "d11": 0.0, "d12": 0.0, "d13": 0.0, "w0": 4.0, "w1": 3.6, "w2": 3.3, "w3": 3.0, "w4": 2.6, "w5": 2.4, "w6": 2.2, "w7": 1.9, "w8": 1.7, "w9": 1.5, "w10": 1.4, "w11": 7.4, "w12": 22.8, "w13": 30.5}, "geometry": {"type": "Polygon", "coordinates": [[[12.13326, 48.26985], [12.18714, 48.26978], [12.18727, 48.30575], [12.13335, 48.30582], [12.13326, 48.26985]]]}}, {"type": "Feature", "properties": {"d0": 0.0, "d1": 0.0, "d2": 0.0, "d3": 0.0, "d4": 0.0, "d5": 0.0, "d6": 0.0, "d7": 0.0, "d8": 0.0, "d9": 0.0, "d10": 0.0, "d11": 0.0, "d12": 0.0, "d13": 0.0, "w0": 4.0, "w1": 3.7, "w2": 3.4, "w3": 3.0, "w4": 2.7, "w5": 2.4, "w6": 2.2, "w7": 2.0, "w8": 1.8, "w9": 1.6, "w10": 1.4, "w11": 8.4, "w12": 25.3, "w13": 33.3}, "geometry": {"type": "Polygon", "coordinates": [[[12.18714, 48.26978], [12.24102, 48.26968], [12.24119, 48.30565], [12.18727, 48.30575], [12.18714, 48.26978]]]}}, {"type": "Feature", "properties": {"d0": 0.0, "d1": 0.0, "d2": 0.0, "d3": 0.0, "d4": 0.0, "d5": 0.0, "d6": 0.0, "d7": 0.0, "d8": 0.0, "d9": 0.0, "d10": 0.0, "d11": 0.0, "d12": 0.0, "d13": 0.0, "w0": 4.8, "w1": 4.5, "w2": 4.0, "w3": 3.6, "w4": 3.2, "w5": 2.9, "w6": 2.7, "w7": 2.4, "w8": 2.2, "w9": 1.9, "w10": 1.7, "w11": 8.5, "w12": 25.3, "w13": 33.4}, "geometry": {"type": "Polygon", "coordinates": [[[12.24102, 48.26968], [12.2949, 48.26955], [12.29511, 48.30552], [12.24119, 48.30565], [12.24102, 48.26968]]]}}, {"type": "Feature", "properties": {"d0": 0.0, "d1": 0.0, "d2": 0.0, "d3": 0.0, "d4": 0.0, "d5": 0.0, "d6": 0.0, "d7": 0.0, "d8": 0.0, "d9": 0.0, "d10": 0.0, "d11": 0.0, "d12": 0.0, "d13": 0.0, "w0": 5.7, "w1": 5.2, "w2": 4.7, "w3": 4.2, "w4": 3.8, "w5": 3.4, "w6": 3.1, "w7": 2.8, "w8": 2.5, "w9": 2.2, "w10": 2.0, "w11": 9.4, "w12": 26.6, "w13": 34.4}, "geometry": {"type": "Polygon", "coordinates": [[[12.2949, 48.26955], [12.34878, 48.2694], [12.34903, 48.30537], [12.29511, 48.30552], [12.2949, 48.26955]]]}}, {"type": "Feature", "properties": {"d0": 0.0002, "d1": 0.0002, "d2": 0.0001, "d3": 0.0001, "d4": 0.0, "d5": 0.0, "d6": 0.0, "d7": 0.0, "d8": 0.0, "d9": 0.0, "d10": 0.0, "d11": 0.0, "d12": 0.0, "d13": 0.0, "w0": 4.9, "w1": 4.5, "w2": 4.0, "w3": 3.5, "w4": 3.1, "w5": 2.7, "w6": 2.4, "w7": 2.2, "w8": 1.9, "w9": 1.7, "w10": 1.5, "w11": 12.3, "w12": 32.2, "w13": 39.6}, "geometry": {"type": "Polygon", "coordinates": [[[12.34878, 48.2694], [12.40267, 48.26922], [12.40295, 48.30519], [12.34903, 48.30537], [12.34878, 48.2694]]]}}, {"type": "Feature", "properties": {"d0": 0.0, "d1": 0.0, "d2": 0.0, "d3": 0.0, "d4": 0.0, "d5": 0.0, "d6": 0.0, "d7": 0.0, "d8": 0.0, "d9": 0.0, "d10": 0.0, "d11": 0.0, "d12": 0.0, "d13": 0.0, "w0": 3.6, "w1": 3.3, "w2": 2.9, "w3": 2.6, "w4": 2.2, "w5": 2.0, "w6": 1.8, "w7": 1.6, "w8": 1.4, "w9": 1.2, "w10": 1.1, "w11": 14.2, "w12": 34.5, "w13": 40.5}, "geometry": {"type": "Polygon", "coordinates": [[[12.40267, 48.26922], [12.45655, 48.26902], [12.45687, 48.30499], [12.40295, 48.30519], [12.40267, 48.26922]]]}}, {"type": "Feature", "properties": {"d0": 0.0, "d1": 0.0, "d2": 0.0, "d3": 0.0, "d4": 0.0, "d5": 0.0, "d6": 0.0, "d7": 0.0, "d8": 0.0, "d9": 0.0, "d10": 0.0, "d11": 0.0, "d12": 0.0, "d13": 0.0, "w0": 3.9, "w1": 3.5, "w2": 3.2, "w3": 2.8, "w4": 2.4, "w5": 2.2, "w6": 1.9, "w7": 1.7, "w8": 1.5, "w9": 1.3, "w10": 1.2, "w11": 22.1, "w12": 46.7, "w13": 51.0}, "geometry": {"type": "Polygon", "coordinates": [[[12.45655, 48.26902], [12.51043, 48.26879], [12.51078, 48.30477], [12.45687, 48.30499], [12.45655, 48.26902]]]}}, {"type": "Feature", "properties": {"d0": 0.0, "d1": 0.0, "d2": 0.0, "d3": 0.0, "d4": 0.0, "d5": 0.0, "d6": 0.0, "d7": 0.0, "d8": 0.0, "d9": 0.0, "d10": 0.0, "d11": 0.0, "d12": 0.0, "d13": 0.0, "w0": 5.0, "w1": 4.6, "w2": 4.1, "w3": 3.6, "w4": 3.2, "w5": 2.8, "w6": 2.5, "w7": 2.3, "w8": 2.0, "w9": 1.8, "w10": 1.6, "w11": 22.0, "w12": 45.7, "w13": 49.6}, "geometry": {"type": "Polygon", "coordinates": [[[12.51043, 48.26879], [12.5643, 48.26854], [12.5647, 48.30451], [12.51078, 48.30477], [12.51043, 48.26879]]]}}, {"type": "Feature", "properties": {"d0": 0.0, "d1": 0.0, "d2": 0.0, "d3": 0.0, "d4": 0.0, "d5": 0.0, "d6": 0.0, "d7": 0.0, "d8": 0.0, "d9": 0.0, "d10": 0.0, "d11": 0.0, "d12": 0.0, "d13": 0.0, "w0": 6.9, "w1": 6.4, "w2": 5.8, "w3": 5.1, "w4": 4.6, "w5": 4.1, "w6": 3.7, "w7": 3.3, "w8": 3.0, "w9": 2.7, "w10": 2.4, "w11": 17.7, "w12": 37.5, "w13": 41.5}, "geometry": {"type": "Polygon", "coordinates": [[[12.5643, 48.26854], [12.61818, 48.26827], [12.61862, 48.30424], [12.5647, 48.30451], [12.5643, 48.26854]]]}}, {"type": "Feature", "properties": {"d0": 0.0, "d1": 0.0, "d2": 0.0, "d3": 0.0, "d4": 0.0, "d5": 0.0, "d6": 0.0, "d7": 0.0, "d8": 0.0, "d9": 0.0, "d10": 0.0, "d11": 0.0, "d12": 0.0, "d13": 0.0, "w0": 7.8, "w1": 7.2, "w2": 6.5, "w3": 5.8, "w4": 5.2, "w5": 4.7, "w6": 4.3, "w7": 3.9, "w8": 3.5, "w9": 3.1, "w10": 2.8, "w11": 13.6, "w12": 30.9, "w13": 36.2}, "geometry": {"type": "Polygon", "coordinates": [[[12.61818, 48.26827], [12.67206, 48.26796], [12.67253, 48.30393], [12.61862, 48.30424], [12.61818, 48.26827]]]}}, {"type": "Feature", "properties": {"d0": 0.0, "d1": 0.0, "d2": 0.0, "d3": 0.0, "d4": 0.0, "d5": 0.0, "d6": 0.0, "d7": 0.0, "d8": 0.0, "d9": 0.0, "d10": 0.0, "d11": 0.0, "d12": 0.0, "d13": 0.0, "w0": 7.6, "w1": 6.9, "w2": 6.2, "w3": 5.5, "w4": 4.8, "w5": 4.3, "w6": 3.9, "w7": 3.5, "w8": 3.1, "w9": 2.7, "w10": 2.4, "w11": 11.4, "w12": 28.9, "w13": 35.7}, "geometry": {"type": "Polygon", "coordinates": [[[12.67206, 48.26796], [12.72594, 48.26764], [12.72645, 48.3036], [12.67253, 48.30393], [12.67206, 48.26796]]]}}, {"type": "Feature", "properties": {"d0": 0.0027, "d1": 0.0026, "d2": 0.0025, "d3": 0.0023, "d4": 0.0021, "d5": 0.002, "d6": 0.0019, "d7": 0.0018, "d8": 0.0017, "d9": 0.0016, "d10": 0.0014, "d11": 0.0012, "d12": 0.001, "d13": 0.0009, "w0": 18.7, "w1": 17.1, "w2": 15.3, "w3": 13.5, "w4": 11.9, "w5": 10.6, "w6": 9.5, "w7": 8.4, "w8": 7.5, "w9": 6.5, "w10": 5.8, "w11": 8.3, "w12": 12.6, "w13": 13.2}, "geometry": {"type": "Polygon", "coordinates": [[[11.4324, 48.30451], [11.48632, 48.30476], [11.48595, 48.34073], [11.432, 48.34048], [11.4324, 48.30451]]]}}, {"type": "Feature", "properties": {"d0": 0.0021, "d1": 0.0019, "d2": 0.0016, "d3": 0.0013, "d4": 0.001, "d5": 0.0008, "d6": 0.0007, "d7": 0.0007, "d8": 0.0007, "d9": 0.0006, "d10": 0.0005, "d11": 0.0004, "d12": 0.0004, "d13": 0.0003, "w0": 6.6, "w1": 5.9, "w2": 5.3, "w3": 4.6, "w4": 4.0, "w5": 3.5, "w6": 3.1, "w7": 2.8, "w8": 2.4, "w9": 2.1, "w10": 1.9, "w11": 4.4, "w12": 9.0, "w13": 10.0}, "geometry": {"type": "Polygon", "coordinates": [[[11.48632, 48.30476], [11.54023, 48.30499], [11.53991, 48.34096], [11.48595, 48.34073], [11.48632, 48.30476]]]}}, {"type": "Feature", "properties": {"d0": 0.0022, "d1": 0.0019, "d2": 0.0016, "d3": 0.0013, "d4": 0.0009, "d5": 0.0007, "d6": 0.0006, "d7": 0.0006, "d8": 0.0005, "d9": 0.0005, "d10": 0.0004, "d11": 0.0003, "d12": 0.0002, "d13": 0.0002, "w0": 4.2, "w1": 3.9, "w2": 3.6, "w3": 3.2, "w4": 2.9, "w5": 2.6, "w6": 2.4, "w7": 2.2, "w8": 2.0, "w9": 1.7, "w10": 1.6, "w11": 6.7, "w12": 14.2, "w13": 15.5}, "geometry": {"type": "Polygon", "coordinates": [[[11.54023, 48.30499], [11.59415, 48.30519], [11.59387, 48.34116], [11.53991, 48.34096], [11.54023, 48.30499]]]}}, {"type": "Feature", "properties": {"d0": 0.0021, "d1": 0.0018, "d2": 0.0015, "d3": 0.0012, "d4": 0.0009, "d5": 0.0007, "d6": 0.0006, "d7": 0.0005, "d8": 0.0004, "d9": 0.0004, "d10": 0.0003, "d11": 0.0002, "d12": 0.0001, "d13": 0.0001, "w0": 4.0, "w1": 3.7, "w2": 3.4, "w3": 3.1, "w4": 2.8, "w5": 2.5, "w6": 2.3, "w7": 2.1, "w8": 1.9, "w9": 1.7, "w10": 1.5, "w11": 9.7, "w12": 20.4, "w13": 22.3}, "geometry": {"type": "Polygon", "coordinates": [[[11.59415, 48.30519], [11.64807, 48.30537], [11.64782, 48.34134], [11.59387, 48.34116], [11.59415, 48.30519]]]}}, {"type": "Feature", "properties": {"d0": 0.002, "d1": 0.0016, "d2": 0.0013, "d3": 0.0011, "d4": 0.0008, "d5": 0.0007, "d6": 0.0006, "d7": 0.0005, "d8": 0.0004, "d9": 0.0003, "d10": 0.0002, "d11": 0.0001, "d12": 0.0001, "d13": 0.0, "w0": 10.3, "w1": 9.8, "w2": 9.2, "w3": 8.6, "w4": 8.0, "w5": 7.5, "w6": 7.0, "w7": 6.6, "w8": 6.2, "w9": 5.7, "w10": 5.4, "w11": 12.5, "w12": 21.9, "w13": 23.9}, "geometry": {"type": "Polygon", "coordinates": [[[11.64807, 48.30537], [11.70199, 48.30552], [11.70178, 48.34149], [11.64782, 48.34134], [11.64807, 48.30537]]]}}, {"type": "Feature", "properties": {"d0": 0.0, "d1": 0.0, "d2": 0.0, "d3": 0.0, "d4": 0.0, "d5": 0.0, "d6": 0.0, "d7": 0.0001, "d8": 0.0001, "d9": 0.0001, "d10": 0.0001, "d11": 0.0, "d12": 0.0, "d13": 0.0, "w0": 10.5, "w1": 10.1, "w2": 9.5, "w3": 8.8, "w4": 8.2, "w5": 7.7, "w6": 7.2, "w7": 6.8, "w8": 6.3, "w9": 5.8, "w10": 5.5, "w11": 14.8, "w12": 26.6, "w13": 28.9}, "geometry": {"type": "Polygon", "coordinates": [[[11.70199, 48.30552], [11.75591, 48.30565], [11.75574, 48.34162], [11.70178, 48.34149], [11.70199, 48.30552]]]}}, {"type": "Feature", "properties": {"d0": 0.0001, "d1": 0.0001, "d2": 0.0, "d3": 0.0, "d4": 0.0, "d5": 0.0, "d6": 0.0, "d7": 0.0, "d8": 0.0, "d9": 0.0, "d10": 0.0, "d11": 0.0, "d12": 0.0, "d13": 0.0, "w0": 4.7, "w1": 4.5, "w2": 4.0, "w3": 3.6, "w4": 3.2, "w5": 2.8, "w6": 2.6, "w7": 2.3, "w8": 2.1, "w9": 1.8, "w10": 1.7, "w11": 20.1, "w12": 40.2, "w13": 42.5}, "geometry": {"type": "Polygon", "coordinates": [[[11.75591, 48.30565], [11.80983, 48.30575], [11.80969, 48.34172], [11.75574, 48.34162], [11.75591, 48.30565]]]}}, {"type": "Feature", "properties": {"d0": 0.0004, "d1": 0.0003, "d2": 0.0002, "d3": 0.0002, "d4": 0.0001, "d5": 0.0001, "d6": 0.0001, "d7": 0.0001, "d8": 0.0001, "d9": 0.0001, "d10": 0.0001, "d11": 0.0001, "d12": 0.0001, "d13": 0.0001, "w0": 4.4, "w1": 4.3, "w2": 3.8, "w3": 3.3, "w4": 2.9, "w5": 2.6, "w6": 2.3, "w7": 2.1, "w8": 1.8, "w9": 1.6, "w10": 1.4, "w11": 21.9, "w12": 44.2, "w13": 46.9}, "geometry": {"type": "Polygon", "coordinates": [[[11.80983, 48.30575], [11.86375, 48.30582], [11.86365, 48.3418], [11.80969, 48.34172], [11.80983, 48.30575]]]}}, {"type": "Feature", "properties": {"d0": 0.0288, "d1": 0.0259, "d2": 0.0231, "d3": 0.0205, "d4": 0.0174, "d5": 0.0148, "d6": 0.0129, "d7": 0.0115, "d8": 0.0107, "d9": 0.0094, "d10": 0.0066, "d11": 0.004, "d12": 0.0026, "d13": 0.002, "w0": 2.7, "w1": 2.6, "w2": 2.2, "w3": 1.9, "w4": 1.6, "w5": 1.4, "w6": 1.2, "w7": 1.1, "w8": 0.9, "w9": 0.8, "w10": 0.7, "w11": 19.4, "w12": 43.2, "w13": 47.9}, "geometry": {"type": "Polygon", "coordinates": [[[11.86375, 48.30582], [11.91767, 48.30587], [11.91761, 48.34185], [11.86365, 48.3418], [11.86375, 48.30582]]]}}, {"type": "Feature", "properties": {"d0": 0.0006, "d1": 0.0005, "d2": 0.0004, "d3": 0.0004, "d4": 0.0004, "d5": 0.0004, "d6": 0.0004, "d7": 0.0003, "d8": 0.0003, "d9": 0.0003, "d10": 0.0002, "d11": 0.0002, "d12": 0.0001, "d13": 0.0001, "w0": 2.9, "w1": 2.7, "w2": 2.4, "w3": 2.1, "w4": 1.8, "w5": 1.6, "w6": 1.4, "w7": 1.3, "w8": 1.1, "w9": 1.0, "w10": 0.9, "w11": 13.2, "w12": 33.3, "w13": 39.6}, "geometry": {"type": "Polygon", "coordinates": [[[11.91767, 48.30587], [11.97159, 48.3059], [11.97157, 48.34187], [11.91761, 48.34185], [11.91767, 48.30587]]]}}, {"type": "Feature", "properties": {"d0": 0.0003, "d1": 0.0003, "d2": 0.0002, "d3": 0.0001, "d4": 0.0001, "d5": 0.0001, "d6": 0.0, "d7": 0.0, "d8": 0.0, "d9": 0.0, "d10": 0.0, "d11": 0.0, "d12": 0.0, "d13": 0.0, "w0": 6.0, "w1": 5.6, "w2": 5.1, "w3": 4.6, "w4": 4.1, "w5": 3.8, "w6": 3.4, "w7": 3.1, "w8": 2.8, "w9": 2.5, "w10": 2.3, "w11": 8.7, "w12": 23.6, "w13": 30.6}, "geometry": {"type": "Polygon", "coordinates": [[[11.97159, 48.3059], [12.02551, 48.3059], [12.02553, 48.34187], [11.97157, 48.34187], [11.97159, 48.3059]]]}}, {"type": "Feature", "properties": {"d0": 0.0, "d1": 0.0, "d2": 0.0, "d3": 0.0, "d4": 0.0, "d5": 0.0, "d6": 0.0, "d7": 0.0, "d8": 0.0, "d9": 0.0, "d10": 0.0, "d11": 0.0, "d12": 0.0, "d13": 0.0, "w0": 5.6, "w1": 5.2, "w2": 4.8, "w3": 4.4, "w4": 4.0, "w5": 3.6, "w6": 3.3, "w7": 3.0, "w8": 2.8, "w9": 2.5, "w10": 2.3, "w11": 9.7, "w12": 25.9, "w13": 32.9}, "geometry": {"type": "Polygon", "coordinates": [[[12.02551, 48.3059], [12.07943, 48.30587], [12.07949, 48.34185], [12.02553, 48.34187], [12.02551, 48.3059]]]}}, {"type": "Feature", "properties": {"d0": 0.0, "d1": 0.0, "d2": 0.0, "d3": 0.0, "d4": 0.0, "d5": 0.0, "d6": 0.0, "d7": 0.0, "d8": 0.0, "d9": 0.0, "d10": 0.0, "d11": 0.0, "d12": 0.0, "d13": 0.0, "w0": 3.4, "w1": 3.2, "w2": 2.9, "w3": 2.6, "w4": 2.4, "w5": 2.1, "w6": 1.9, "w7": 1.8, "w8": 1.6, "w9": 1.4, "w10": 1.3, "w11": 11.8, "w12": 30.7, "w13": 37.6}, "geometry": {"type": "Polygon", "coordinates": [[[12.07943, 48.30587], [12.13335, 48.30582], [12.13344, 48.3418], [12.07949, 48.34185], [12.07943, 48.30587]]]}}, {"type": "Feature", "properties": {"d0": 0.0, "d1": 0.0, "d2": 0.0, "d3": 0.0, "d4": 0.0, "d5": 0.0, "d6": 0.0, "d7": 0.0, "d8": 0.0, "d9": 0.0, "d10": 0.0, "d11": 0.0, "d12": 0.0, "d13": 0.0, "w0": 2.8, "w1": 2.6, "w2": 2.4, "w3": 2.2, "w4": 1.9, "w5": 1.8, "w6": 1.6, "w7": 1.5, "w8": 1.4, "w9": 1.2, "w10": 1.1, "w11": 13.4, "w12": 32.6, "w13": 38.6}, "geometry": {"type": "Polygon", "coordinates": [[[12.13335, 48.30582], [12.18727, 48.30575], [12.1874, 48.34172], [12.13344, 48.3418], [12.13335, 48.30582]]]}}, {"type": "Feature", "properties": {"d0": 0.0, "d1": 0.0, "d2": 0.0, "d3": 0.0, "d4": 0.0, "d5": 0.0, "d6": 0.0, "d7": 0.0, "d8": 0.0, "d9": 0.0, "d10": 0.0, "d11": 0.0, "d12": 0.0, "d13": 0.0, "w0": 3.2, "w1": 3.0, "w2": 2.7, "w3": 2.4, "w4": 2.2, "w5": 2.0, "w6": 1.8, "w7": 1.6, "w8": 1.4, "w9": 1.3, "w10": 1.2, "w11": 12.9, "w12": 33.2, "w13": 40.4}, "geometry": {"type": "Polygon", "coordinates": [[[12.18727, 48.30575], [12.24119, 48.30565], [12.24136, 48.34162], [12.1874, 48.34172], [12.18727, 48.30575]]]}}, {"type": "Feature", "properties": {"d0": 0.0001, "d1": 0.0, "d2": 0.0, "d3": 0.0, "d4": 0.0, "d5": 0.0, "d6": 0.0, "d7": 0.0, "d8": 0.0, "d9": 0.0, "d10": 0.0, "d11": 0.0, "d12": 0.0, "d13": 0.0, "w0": 3.6, "w1": 3.3, "w2": 3.0, "w3": 2.6, "w4": 2.3, "w5": 2.1, "w6": 1.9, "w7": 1.7, "w8": 1.5, "w9": 1.3, "w10": 1.2, "w11": 12.0, "w12": 32.5, "w13": 40.4}, "geometry": {"type": "Polygon", "coordinates": [[[12.24119, 48.30565], [12.29511, 48.30552], [12.29532, 48.34149], [12.24136, 48.34162], [12.24119, 48.30565]]]}}, {"type": "Feature", "properties": {"d0": 0.0007, "d1": 0.0005, "d2": 0.0002, "d3": 0.0, "d4": 0.0001, "d5": 0.0001, "d6": 0.0001, "d7": 0.0001, "d8": 0.0, "d9": 0.0, "d10": 0.0, "d11": 0.0, "d12": 0.0, "d13": 0.0, "w0": 6.1, "w1": 5.6, "w2": 5.1, "w3": 4.5, "w4": 4.1, "w5": 3.7, "w6": 3.3, "w7": 3.0, "w8": 2.7, "w9": 2.4, "w10": 2.2, "w11": 12.4, "w12": 31.7, "w13": 39.2}, "geometry": {"type": "Polygon", "coordinates": [[[12.29511, 48.30552], [12.34903, 48.30537], [12.34928, 48.34134], [12.29532, 48.34149], [12.29511, 48.30552]]]}}, {"type": "Feature", "properties": {"d0": 0.002, "d1": 0.0009, "d2": 0.0002, "d3": 0.0, "d4": 0.0, "d5": 0.0, "d6": 0.0, "d7": 0.0, "d8": 0.0, "d9": 0.0, "d10": 0.0, "d11": 0.0, "d12": 0.0, "d13": 0.0, "w0": 4.9, "w1": 4.4, "w2": 4.0, "w3": 3.5, "w4": 3.0, "w5": 2.7, "w6": 2.4, "w7": 2.1, "w8": 1.9, "w9": 1.6, "w10": 1.5, "w11": 15.9, "w12": 39.0, "w13": 46.2}, "geometry": {"type": "Polygon", "coordinates": [[[12.34903, 48.30537], [12.40295, 48.30519], [12.40323, 48.34117], [12.34928, 48.34134], [12.34903, 48.30537]]]}}, {"type": "Feature", "properties": {"d0": 0.0001, "d1": 0.0, "d2": 0.0, "d3": 0.0, "d4": 0.0, "d5": 0.0, "d6": 0.0, "d7": 0.0, "d8": 0.0, "d9": 0.0, "d10": 0.0, "d11": 0.0, "d12": 0.0, "d13": 0.0, "w0": 4.3, "w1": 3.9, "w2": 3.5, "w3": 3.1, "w4": 2.7, "w5": 2.4, "w6": 2.2, "w7": 1.9, "w8": 1.7, "w9": 1.5, "w10": 1.3, "w11": 17.2, "w12": 40.2, "w13": 46.5}, "geometry": {"type": "Polygon", "coordinates": [[[12.40295, 48.30519], [12.45687, 48.30499], [12.45719, 48.34096], [12.40323, 48.34117], [12.40295, 48.30519]]]}}, {"type": "Feature", "properties": {"d0": 0.0, "d1": 0.0, "d2": 0.0, "d3": 0.0, "d4": 0.0, "d5": 0.0, "d6": 0.0, "d7": 0.0, "d8": 0.0, "d9": 0.0, "d10": 0.0, "d11": 0.0, "d12": 0.0, "d13": 0.0, "w0": 3.8, "w1": 3.5, "w2": 3.1, "w3": 2.8, "w4": 2.4, "w5": 2.1, "w6": 1.9, "w7": 1.7, "w8": 1.5, "w9": 1.3, "w10": 1.2, "w11": 19.9, "w12": 43.9, "w13": 49.2}, "geometry": {"type": "Polygon", "coordinates": [[[12.45687, 48.30499], [12.51078, 48.30477], [12.51114, 48.34074], [12.45719, 48.34096], [12.45687, 48.30499]]]}}, {"type": "Feature", "properties": {"d0": 0.0001, "d1": 0.0, "d2": 0.0, "d3": 0.0, "d4": 0.0, "d5": 0.0, "d6": 0.0, "d7": 0.0, "d8": 0.0, "d9": 0.0, "d10": 0.0, "d11": 0.0, "d12": 0.0, "d13": 0.0, "w0": 4.1, "w1": 3.7, "w2": 3.3, "w3": 2.9, "w4": 2.6, "w5": 2.3, "w6": 2.0, "w7": 1.8, "w8": 1.6, "w9": 1.4, "w10": 1.3, "w11": 20.0, "w12": 42.9, "w13": 47.4}, "geometry": {"type": "Polygon", "coordinates": [[[12.51078, 48.30477], [12.5647, 48.30451], [12.5651, 48.34048], [12.51114, 48.34074], [12.51078, 48.30477]]]}}, {"type": "Feature", "properties": {"d0": 0.0001, "d1": 0.0001, "d2": 0.0, "d3": 0.0, "d4": 0.0, "d5": 0.0, "d6": 0.0, "d7": 0.0, "d8": 0.0001, "d9": 0.0001, "d10": 0.0001, "d11": 0.0002, "d12": 0.0002, "d13": 0.0002, "w0": 5.3, "w1": 4.8, "w2": 4.3, "w3": 3.8, "w4": 3.4, "w5": 3.0, "w6": 2.7, "w7": 2.4, "w8": 2.2, "w9": 1.9, "w10": 1.7, "w11": 17.9, "w12": 38.6, "w13": 43.0}, "geometry": {"type": "Polygon", "coordinates": [[[12.5647, 48.30451], [12.61862, 48.30424], [12.61905, 48.34021], [12.5651, 48.34048], [12.5647, 48.30451]]]}}, {"type": "Feature", "properties": {"d0": 0.0001, "d1": 0.0, "d2": 0.0, "d3": 0.0, "d4": 0.0, "d5": 0.0, "d6": 0.0, "d7": 0.0, "d8": 0.0, "d9": 0.0, "d10": 0.0, "d11": 0.0, "d12": 0.0, "d13": 0.0, "w0": 5.7, "w1": 5.1, "w2": 4.6, "w3": 4.0, "w4": 3.4, "w5": 3.0, "w6": 2.7, "w7": 2.3, "w8": 2.1, "w9": 1.8, "w10": 1.6, "w11": 15.7, "w12": 36.5, "w13": 42.5}, "geometry": {"type": "Polygon", "coordinates": [[[12.61862, 48.30424], [12.67253, 48.30393], [12.67301, 48.3399], [12.61905, 48.34021], [12.61862, 48.30424]]]}}, {"type": "Feature", "properties": {"d0": 0.0, "d1": 0.0, "d2": 0.0, "d3": 0.0, "d4": 0.0, "d5": 0.0, "d6": 0.0, "d7": 0.0, "d8": 0.0, "d9": 0.0, "d10": 0.0, "d11": 0.0, "d12": 0.0, "d13": 0.0, "w0": 6.4, "w1": 5.7, "w2": 5.0, "w3": 4.3, "w4": 3.6, "w5": 3.2, "w6": 2.8, "w7": 2.4, "w8": 2.1, "w9": 1.8, "w10": 1.5, "w11": 14.0, "w12": 36.2, "w13": 44.3}, "geometry": {"type": "Polygon", "coordinates": [[[12.67253, 48.30393], [12.72645, 48.3036], [12.72696, 48.33957], [12.67301, 48.3399], [12.67253, 48.30393]]]}}, {"type": "Feature", "properties": {"d0": 0.0013, "d1": 0.0012, "d2": 0.0012, "d3": 0.0011, "d4": 0.001, "d5": 0.0009, "d6": 0.0009, "d7": 0.0008, "d8": 0.0007, "d9": 0.0007, "d10": 0.0005, "d11": 0.0004, "d12": 0.0004, "d13": 0.0003, "w0": 22.8, "w1": 20.8, "w2": 18.5, "w3": 16.1, "w4": 14.1, "w5": 12.5, "w6": 11.1, "w7": 9.8, "w8": 8.6, "w9": 7.5, "w10": 6.6, "w11": 9.9, "w12": 16.0, "w13": 17.4}, "geometry": {"type": "Polygon", "coordinates": [[[11.432, 48.34048], [11.48595, 48.34073], [11.48559, 48.3767], [11.4316, 48.37645], [11.432, 48.34048]]]}}, {"type": "Feature", "properties": {"d0": 0.0015, "d1": 0.0013, "d2": 0.0012, "d3": 0.001, "d4": 0.0008, "d5": 0.0007, "d6": 0.0006, "d7": 0.0006, "d8": 0.0006, "d9": 0.0005, "d10": 0.0004, "d11": 0.0003, "d12": 0.0003, "d13": 0.0003, "w0": 8.2, "w1": 7.4, "w2": 6.5, "w3": 5.7, "w4": 5.0, "w5": 4.5, "w6": 4.0, "w7": 3.5, "w8": 3.1, "w9": 2.7, "w10": 2.4, "w11": 7.3, "w12": 15.2, "w13": 16.9}, "geometry": {"type": "Polygon", "coordinates": [[[11.48595, 48.34073], [11.53991, 48.34096], [11.53959, 48.37693], [11.48559, 48.3767], [11.48595, 48.34073]]]}}, {"type": "Feature", "properties": {"d0": 0.0019, "d1": 0.0017, "d2": 0.0015, "d3": 0.0012, "d4": 0.001, "d5": 0.0008, "d6": 0.0007, "d7": 0.0006, "d8": 0.0006, "d9": 0.0005, "d10": 0.0004, "d11": 0.0004, "d12": 0.0003, "d13": 0.0003, "w0": 2.1, "w1": 2.0, "w2": 1.8, "w3": 1.6, "w4": 1.4, "w5": 1.2, "w6": 1.1, "w7": 1.0, "w8": 0.9, "w9": 0.8, "w10": 0.7, "w11": 9.9, "w12": 22.5, "w13": 24.8}, "geometry": {"type": "Polygon", "coordinates": [[[11.53991, 48.34096], [11.59387, 48.34116], [11.59358, 48.37713], [11.53959, 48.37693], [11.53991, 48.34096]]]}}, {"type": "Feature", "properties": {"d0": 0.0015, "d1": 0.0012, "d2": 0.001, "d3": 0.0008, "d4": 0.0006, "d5": 0.0005, "d6": 0.0004, "d7": 0.0004, "d8": 0.0003, "d9": 0.0003, "d10": 0.0002, "d11": 0.0002, "d12": 0.0001, "d13": 0.0001, "w0": 3.4, "w1": 3.1, "w2": 2.8, "w3": 2.5, "w4": 2.3, "w5": 2.1, "w6": 1.9, "w7": 1.7, "w8": 1.5, "w9": 1.4, "w10": 1.2, "w11": 8.8, "w12": 20.6, "w13": 23.8}, "geometry": {"type": "Polygon", "coordinates": [[[11.59387, 48.34116], [11.64782, 48.34134], [11.64757, 48.37731], [11.59358, 48.37713], [11.59387, 48.34116]]]}}, {"type": "Feature", "properties": {"d0": 0.001, "d1": 0.0009, "d2": 0.0007, "d3": 0.0006, "d4": 0.0004, "d5": 0.0003, "d6": 0.0003, "d7": 0.0002, "d8": 0.0002, "d9": 0.0002, "d10": 0.0001, "d11": 0.0001, "d12": 0.0, "d13": 0.0, "w0": 3.5, "w1": 3.3, "w2": 3.0, "w3": 2.6, "w4": 2.4, "w5": 2.1, "w6": 2.0, "w7": 1.8, "w8": 1.6, "w9": 1.4, "w10": 1.3, "w11": 9.7, "w12": 22.8, "w13": 26.5}, "geometry": {"type": "Polygon", "coordinates": [[[11.64782, 48.34134], [11.70178, 48.34149], [11.70157, 48.37746], [11.64757, 48.37731], [11.64782, 48.34134]]]}}, {"type": "Feature", "properties": {"d0": 0.0013, "d1": 0.0011, "d2": 0.0009, "d3": 0.0007, "d4": 0.0005, "d5": 0.0003, "d6": 0.0003, "d7": 0.0003, "d8": 0.0003, "d9": 0.0002, "d10": 0.0002, "d11": 0.0001, "d12": 0.0001, "d13": 0.0001, "w0": 7.0, "w1": 6.6, "w2": 6.1, "w3": 5.6, "w4": 5.2, "w5": 4.8, "w6": 4.4, "w7": 4.1, "w8": 3.8, "w9": 3.5, "w10": 3.2, "w11": 10.9, "w12": 22.2, "w13": 25.2}, "geometry": {"type": "Polygon", "coordinates": [[[11.70178, 48.34149], [11.75574, 48.34162], [11.75557, 48.37759], [11.70157, 48.37746], [11.70178, 48.34149]]]}}, {"type": "Feature", "properties": {"d0": 0.0013, "d1": 0.0012, "d2": 0.0011, "d3": 0.0009, "d4": 0.0007, "d5": 0.0005, "d6": 0.0004, "d7": 0.0003, "d8": 0.0003, "d9": 0.0002, "d10": 0.0001, "d11": 0.0001, "d12": 0.0001, "d13": 0.0, "w0": 3.6, "w1": 3.7, "w2": 3.2, "w3": 2.7, "w4": 2.3, "w5": 2.0, "w6": 1.7, "w7": 1.5, "w8": 1.3, "w9": 1.1, "w10": 1.0, "w11": 22.9, "w12": 47.2, "w13": 49.9}, "geometry": {"type": "Polygon", "coordinates": [[[11.75574, 48.34162], [11.80969, 48.34172], [11.80956, 48.37769], [11.75557, 48.37759], [11.75574, 48.34162]]]}}, {"type": "Feature", "properties": {"d0": 0.0005, "d1": 0.0005, "d2": 0.0004, "d3": 0.0004, "d4": 0.0003, "d5": 0.0002, "d6": 0.0002, "d7": 0.0001, "d8": 0.0001, "d9": 0.0001, "d10": 0.0, "d11": 0.0, "d12": 0.0, "d13": 0.0, "w0": 5.2, "w1": 5.0, "w2": 4.5, "w3": 4.0, "w4": 3.5, "w5": 3.1, "w6": 2.8, "w7": 2.6, "w8": 2.3, "w9": 2.0, "w10": 1.8, "w11": 22.4, "w12": 45.6, "w13": 48.8}, "geometry": {"type": "Polygon", "coordinates": [[[11.80969, 48.34172], [11.86365, 48.3418], [11.86356, 48.37777], [11.80956, 48.37769], [11.80969, 48.34172]]]}}, {"type": "Feature", "properties": {"d0": 0.0204, "d1": 0.0189, "d2": 0.0174, "d3": 0.0154, "d4": 0.0128, "d5": 0.0095, "d6": 0.0091, "d7": 0.0099, "d8": 0.0097, "d9": 0.0092, "d10": 0.0084, "d11": 0.0076, "d12": 0.0066, "d13": 0.0047, "w0": 4.2, "w1": 3.9, "w2": 3.5, "w3": 3.0, "w4": 2.7, "w5": 2.4, "w6": 2.1, "w7": 1.9, "w8": 1.6, "w9": 1.4, "w10": 1.3, "w11": 19.3, "w12": 43.0, "w13": 48.2}, "geometry": {"type": "Polygon", "coordinates": [[[11.86365, 48.3418], [11.91761, 48.34185], [11.91755, 48.37782], [11.86356, 48.37777], [11.86365, 48.3418]]]}}, {"type": "Feature", "properties": {"d0": 0.0006, "d1": 0.0005, "d2": 0.0005, "d3": 0.0004, "d4": 0.0003, "d5": 0.0002, "d6": 0.0002, "d7": 0.0002, "d8": 0.0001, "d9": 0.0001, "d10": 0.0001, "d11": 0.0, "d12": 0.0, "d13": 0.0, "w0": 4.5, "w1": 4.1, "w2": 3.7, "w3": 3.3, "w4": 2.9, "w5": 2.6, "w6": 2.4, "w7": 2.1, "w8": 1.9, "w9": 1.7, "w10": 1.5, "w11": 13.9, "w12": 34.4, "w13": 41.2}, "geometry": {"type": "Polygon", "coordinates": [[[11.91761, 48.34185], [11.97157, 48.34187], [11.97155, 48.37784], [11.91755, 48.37782], [11.91761, 48.34185]]]}}, {"type": "Feature", "properties": {"d0": 0.0004, "d1": 0.0003, "d2": 0.0002, "d3": 0.0002, "d4": 0.0001, "d5": 0.0001, "d6": 0.0001, "d7": 0.0001, "d8": 0.0, "d9": 0.0, "d10": 0.0, "d11": 0.0, "d12": 0.0, "d13": 0.0, "w0": 4.8, "w1": 4.4, "w2": 4.0, "w3": 3.6, "w4": 3.3, "w5": 3.0, "w6": 2.7, "w7": 2.4, "w8": 2.2, "w9": 2.0, "w10": 1.8, "w11": 10.7, "w12": 28.5, "w13": 35.7}, "geometry": {"type": "Polygon", "coordinates": [[[11.97157, 48.34187], [12.02553, 48.34187], [12.02555, 48.37784], [11.97155, 48.37784], [11.97157, 48.34187]]]}}, {"type": "Feature", "properties": {"d0": 0.0001, "d1": 0.0001, "d2": 0.0, "d3": 0.0, "d4": 0.0, "d5": 0.0, "d6": 0.0, "d7": 0.0, "d8": 0.0, "d9": 0.0, "d10": 0.0, "d11": 0.0, "d12": 0.0, "d13": 0.0, "w0": 4.2, "w1": 3.9, "w2": 3.5, "w3": 3.2, "w4": 2.9, "w5": 2.6, "w6": 2.4, "w7": 2.2, "w8": 1.9, "w9": 1.7, "w10": 1.6, "w11": 11.8, "w12": 31.0, "w13": 38.3}, "geometry": {"type": "Polygon", "coordinates": [[[12.02553, 48.34187], [12.07949, 48.34185], [12.07954, 48.37782], [12.02555, 48.37784], [12.02553, 48.34187]]]}}, {"type": "Feature", "properties": {"d0": 0.0, "d1": 0.0, "d2": 0.0, "d3": 0.0, "d4": 0.0, "d5": 0.0, "d6": 0.0, "d7": 0.0, "d8": 0.0, "d9": 0.0, "d10": 0.0, "d11": 0.0, "d12": 0.0, "d13": 0.0, "w0": 3.5, "w1": 3.3, "w2": 3.0, "w3": 2.7, "w4": 2.5, "w5": 2.3, "w6": 2.1, "w7": 1.9, "w8": 1.7, "w9": 1.5, "w10": 1.4, "w11": 12.8, "w12": 31.9, "w13": 38.5}, "geometry": {"type": "Polygon", "coordinates": [[[12.07949, 48.34185], [12.13344, 48.3418], [12.13354, 48.37777], [12.07954, 48.37782], [12.07949, 48.34185]]]}}, {"type": "Feature", "properties": {"d0": 0.0, "d1": 0.0, "d2": 0.0, "d3": 0.0, "d4": 0.0, "d5": 0.0, "d6": 0.0, "d7": 0.0, "d8": 0.0, "d9": 0.0, "d10": 0.0, "d11": 0.0, "d12": 0.0, "d13": 0.0, "w0": 3.2, "w1": 3.0, "w2": 2.8, "w3": 2.5, "w4": 2.3, "w5": 2.1, "w6": 1.9, "w7": 1.7, "w8": 1.5, "w9": 1.4, "w10": 1.3, "w11": 12.9, "w12": 32.3, "w13": 38.9}, "geometry": {"type": "Polygon", "coordinates": [[[12.13344, 48.3418], [12.1874, 48.34172], [12.18754, 48.37769], [12.13354, 48.37777], [12.13344, 48.3418]]]}}, {"type": "Feature", "properties": {"d0": 0.0, "d1": 0.0, "d2": 0.0, "d3": 0.0, "d4": 0.0, "d5": 0.0, "d6": 0.0, "d7": 0.0, "d8": 0.0, "d9": 0.0, "d10": 0.0, "d11": 0.0, "d12": 0.0, "d13": 0.0, "w0": 2.5, "w1": 2.3, "w2": 2.1, "w3": 1.9, "w4": 1.6, "w5": 1.5, "w6": 1.3, "w7": 1.2, "w8": 1.0, "w9": 0.9, "w10": 0.8, "w11": 13.7, "w12": 35.8, "w13": 43.6}, "geometry": {"type": "Polygon", "coordinates": [[[12.1874, 48.34172], [12.24136, 48.34162], [12.24153, 48.37759], [12.18754, 48.37769], [12.1874, 48.34172]]]}}, {"type": "Feature", "properties": {"d0": 0.0, "d1": 0.0, "d2": 0.0, "d3": 0.0, "d4": 0.0, "d5": 0.0, "d6": 0.0001, "d7": 0.0, "d8": 0.0, "d9": 0.0, "d10": 0.0, "d11": 0.0, "d12": 0.0, "d13": 0.0, "w0": 5.0, "w1": 4.6, "w2": 4.2, "w3": 3.8, "w4": 3.4, "w5": 3.1, "w6": 2.8, "w7": 2.6, "w8": 2.3, "w9": 2.1, "w10": 1.9, "w11": 11.1, "w12": 29.2, "w13": 36.8}, "geometry": {"type": "Polygon", "coordinates": [[[12.24136, 48.34162], [12.29532, 48.34149], [12.29553, 48.37747], [12.24153, 48.37759], [12.24136, 48.34162]]]}}, {"type": "Feature", "properties": {"d0": 0.0002, "d1": 0.0, "d2": 0.0, "d3": 0.0, "d4": 0.0, "d5": 0.0, "d6": 0.0, "d7": 0.0004, "d8": 0.0003, "d9": 0.0002, "d10": 0.0002, "d11": 0.0001, "d12": 0.0001, "d13": 0.0001, "w0": 6.0, "w1": 5.6, "w2": 5.1, "w3": 4.6, "w4": 4.1, "w5": 3.7, "w6": 3.4, "w7": 3.0, "w8": 2.7, "w9": 2.4, "w10": 2.2, "w11": 11.9, "w12": 31.2, "w13": 39.3}, "geometry": {"type": "Polygon", "coordinates": [[[12.29532, 48.34149], [12.34928, 48.34134], [12.34952, 48.37731], [12.29553, 48.37747], [12.29532, 48.34149]]]}}, {"type": "Feature", "properties": {"d0": 0.0022, "d1": 0.0009, "d2": 0.0002, "d3": 0.0, "d4": 0.0, "d5": 0.0, "d6": 0.0, "d7": 0.0, "d8": 0.0, "d9": 0.0, "d10": 0.0, "d11": 0.0, "d12": 0.0, "d13": 0.0, "w0": 4.9, "w1": 4.5, "w2": 4.1, "w3": 3.6, "w4": 3.2, "w5": 2.8, "w6": 2.6, "w7": 2.3, "w8": 2.0, "w9": 1.8, "w10": 1.6, "w11": 13.7, "w12": 35.2, "w13": 43.3}, "geometry": {"type": "Polygon", "coordinates": [[[12.34928, 48.34134], [12.40323, 48.34117], [12.40352, 48.37714], [12.34952, 48.37731], [12.34928, 48.34134]]]}}, {"type": "Feature", "properties": {"d0": 0.0001, "d1": 0.0, "d2": 0.0, "d3": 0.0, "d4": 0.0, "d5": 0.0, "d6": 0.0, "d7": 0.0, "d8": 0.0, "d9": 0.0, "d10": 0.0, "d11": 0.0, "d12": 0.0, "d13": 0.0, "w0": 4.0, "w1": 3.7, "w2": 3.3, "w3": 2.9, "w4": 2.6, "w5": 2.3, "w6": 2.1, "w7": 1.8, "w8": 1.6, "w9": 1.4, "w10": 1.3, "w11": 15.1, "w12": 37.3, "w13": 44.7}, "geometry": {"type": "Polygon", "coordinates": [[[12.40323, 48.34117], [12.45719, 48.34096], [12.45751, 48.37693], [12.40352, 48.37714], [12.40323, 48.34117]]]}}, {"type": "Feature", "properties": {"d0": 0.0, "d1": 0.0, "d2": 0.0, "d3": 0.0, "d4": 0.0, "d5": 0.0, "d6": 0.0, "d7": 0.0, "d8": 0.0, "d9": 0.0, "d10": 0.0, "d11": 0.0, "d12": 0.0, "d13": 0.0, "w0": 2.9, "w1": 2.6, "w2": 2.4, "w3": 2.1, "w4": 1.8, "w5": 1.6, "w6": 1.4, "w7": 1.3, "w8": 1.1, "w9": 1.0, "w10": 1.1, "w11": 16.4, "w12": 38.8, "w13": 45.5}, "geometry": {"type": "Polygon", "coordinates": [[[12.45719, 48.34096], [12.51114, 48.34074], [12.5115, 48.37671], [12.45751, 48.37693], [12.45719, 48.34096]]]}}, {"type": "Feature", "properties": {"d0": 0.0001, "d1": 0.0001, "d2": 0.0, "d3": 0.0, "d4": 0.0, "d5": 0.0, "d6": 0.0, "d7": 0.0, "d8": 0.0, "d9": 0.0, "d10": 0.0, "d11": 0.0, "d12": 0.0, "d13": 0.0, "w0": 3.1, "w1": 2.9, "w2": 2.6, "w3": 2.3, "w4": 2.0, "w5": 1.8, "w6": 1.6, "w7": 1.4, "w8": 1.3, "w9": 1.1, "w10": 1.3, "w11": 15.8, "w12": 36.8, "w13": 43.0}, "geometry": {"type": "Polygon", "coordinates": [[[12.51114, 48.34074], [12.5651, 48.34048], [12.5655, 48.37645], [12.5115, 48.37671], [12.51114, 48.34074]]]}}, {"type": "Feature", "properties": {"d0": 0.0001, "d1": 0.0001, "d2": 0.0, "d3": 0.0, "d4": 0.0, "d5": 0.0, "d6": 0.0, "d7": 0.0, "d8": 0.0, "d9": 0.0, "d10": 0.0, "d11": 0.0, "d12": 0.0, "d13": 0.0, "w0": 3.2, "w1": 2.9, "w2": 2.6, "w3": 2.2, "w4": 2.0, "w5": 1.7, "w6": 1.5, "w7": 1.4, "w8": 1.2, "w9": 1.0, "w10": 1.2, "w11": 15.3, "w12": 36.6, "w13": 43.3}, "geometry": {"type": "Polygon", "coordinates": [[[12.5651, 48.34048], [12.61905, 48.34021], [12.61949, 48.37618], [12.5655, 48.37645], [12.5651, 48.34048]]]}}, {"type": "Feature", "properties": {"d0": 0.0, "d1": 0.0, "d2": 0.0, "d3": 0.0, "d4": 0.0, "d5": 0.0, "d6": 0.0, "d7": 0.0, "d8": 0.0, "d9": 0.0, "d10": 0.0, "d11": 0.0, "d12": 0.0, "d13": 0.0, "w0": 4.0, "w1": 3.6, "w2": 3.2, "w3": 2.7, "w4": 2.3, "w5": 2.0, "w6": 1.8, "w7": 1.6, "w8": 1.4, "w9": 1.2, "w10": 1.2, "w11": 13.0, "w12": 33.9, "w13": 41.7}, "geometry": {"type": "Polygon", "coordinates": [[[12.61905, 48.34021], [12.67301, 48.3399], [12.67348, 48.37587], [12.61949, 48.37618], [12.61905, 48.34021]]]}}, {"type": "Feature", "properties": {"d0": 0.0, "d1": 0.0, "d2": 0.0, "d3": 0.0, "d4": 0.0, "d5": 0.0, "d6": 0.0, "d7": 0.0, "d8": 0.0, "d9": 0.0, "d10": 0.0, "d11": 0.0, "d12": 0.0, "d13": 0.0, "w0": 5.4, "w1": 4.9, "w2": 4.4, "w3": 3.9, "w4": 3.4, "w5": 3.0, "w6": 2.7, "w7": 2.4, "w8": 2.1, "w9": 1.8, "w10": 1.6, "w11": 10.4, "w12": 30.0, "w13": 38.8}, "geometry": {"type": "Polygon", "coordinates": [[[12.67301, 48.3399], [12.72696, 48.33957], [12.72747, 48.37554], [12.67348, 48.37587], [12.67301, 48.3399]]]}}, {"type": "Feature", "properties": {"d0": 0.0005, "d1": 0.0004, "d2": 0.0004, "d3": 0.0004, "d4": 0.0004, "d5": 0.0003, "d6": 0.0003, "d7": 0.0003, "d8": 0.0003, "d9": 0.0002, "d10": 0.0002, "d11": 0.0001, "d12": 0.0001, "d13": 0.0001, "w0": 25.9, "w1": 23.5, "w2": 20.8, "w3": 18.0, "w4": 15.6, "w5": 13.7, "w6": 12.0, "w7": 10.5, "w8": 9.1, "w9": 7.8, "w10": 6.9, "w11": 10.5, "w12": 18.6, "w13": 21.1}, "geometry": {"type": "Polygon", "coordinates": [[[11.4316, 48.37645], [11.48559, 48.3767], [11.48523, 48.41267], [11.4312, 48.41242], [11.4316, 48.37645]]]}}, {"type": "Feature", "properties": {"d0": 0.0006, "d1": 0.0005, "d2": 0.0004, "d3": 0.0004, "d4": 0.0003, "d5": 0.0002, "d6": 0.0002, "d7": 0.0002, "d8": 0.0002, "d9": 0.0001, "d10": 0.0001, "d11": 0.0001, "d12": 0.0001, "d13": 0.0001, "w0": 10.6, "w1": 9.7, "w2": 8.6, "w3": 7.6, "w4": 6.7, "w5": 6.0, "w6": 5.4, "w7": 4.8, "w8": 4.2, "w9": 3.7, "w10": 3.3, "w11": 7.9, "w12": 17.5, "w13": 20.8}, "geometry": {"type": "Polygon", "coordinates": [[[11.48559, 48.3767], [11.53959, 48.37693], [11.53926, 48.4129], [11.48523, 48.41267], [11.48559, 48.3767]]]}}, {"type": "Feature", "properties": {"d0": 0.0009, "d1": 0.0008, "d2": 0.0006, "d3": 0.0005, "d4": 0.0004, "d5": 0.0003, "d6": 0.0003, "d7": 0.0002, "d8": 0.0002, "d9": 0.0002, "d10": 0.0002, "d11": 0.0001, "d12": 0.0001, "d13": 0.0001, "w0": 3.8, "w1": 3.4, "w2": 3.0, "w3": 2.6, "w4": 2.3, "w5": 2.1, "w6": 1.8, "w7": 1.6, "w8": 1.4, "w9": 1.3, "w10": 1.1, "w11": 7.7, "w12": 20.5, "w13": 24.9}, "geometry": {"type": "Polygon", "coordinates": [[[11.53959, 48.37693], [11.59358, 48.37713], [11.59329, 48.4131], [11.53926, 48.4129], [11.53959, 48.37693]]]}}, {"type": "Feature", "properties": {"d0": 0.0019, "d1": 0.0017, "d2": 0.0014, "d3": 0.0012, "d4": 0.0009, "d5": 0.0008, "d6": 0.0007, "d7": 0.0006, "d8": 0.0006, "d9": 0.0005, "d10": 0.0004, "d11": 0.0003, "d12": 0.0002, "d13": 0.0002, "w0": 2.9, "w1": 2.7, "w2": 2.4, "w3": 2.1, "w4": 1.9, "w5": 1.7, "w6": 1.5, "w7": 1.4, "w8": 1.2, "w9": 1.1, "w10": 1.0, "w11": 6.6, "w12": 19.2, "w13": 24.4}, "geometry": {"type": "Polygon", "coordinates": [[[11.59358, 48.37713], [11.64757, 48.37731], [11.64733, 48.41328], [11.59329, 48.4131], [11.59358, 48.37713]]]}}, {"type": "Feature", "properties": {"d0": 0.0024, "d1": 0.0021, "d2": 0.0018, "d3": 0.0014, "d4": 0.0011, "d5": 0.0009, "d6": 0.0008, "d7": 0.0008, "d8": 0.0007, "d9": 0.0006, "d10": 0.0005, "d11": 0.0004, "d12": 0.0003, "d13": 0.0003, "w0": 4.7, "w1": 4.3, "w2": 4.0, "w3": 3.6, "w4": 3.2, "w5": 2.9, "w6": 2.7, "w7": 2.5, "w8": 2.2, "w9": 2.0, "w10": 1.8, "w11": 5.0, "w12": 15.9, "w13": 21.6}, "geometry": {"type": "Polygon", "coordinates": [[[11.64757, 48.37731], [11.70157, 48.37746], [11.70136, 48.41343], [11.64733, 48.41328], [11.64757, 48.37731]]]}}, {"type": "Feature", "properties": {"d0": 0.0031, "d1": 0.0026, "d2": 0.0022, "d3": 0.0018, "d4": 0.0013, "d5": 0.0011, "d6": 0.001, "d7": 0.0009, "d8": 0.0009, "d9": 0.0008, "d10": 0.0006, "d11": 0.0004, "d12": 0.0003, "d13": 0.0003, "w0": 7.9, "w1": 7.5, "w2": 7.0, "w3": 6.5, "w4": 6.0, "w5": 5.6, "w6": 5.2, "w7": 4.9, "w8": 4.5, "w9": 4.1, "w10": 3.9, "w11": 8.2, "w12": 17.4, "w13": 21.4}, "geometry": {"type": "Polygon", "coordinates": [[[11.70157, 48.37746], [11.75557, 48.37759], [11.75539, 48.41356], [11.70136, 48.41343], [11.70157, 48.37746]]]}}, {"type": "Feature", "properties": {"d0": 0.0015, "d1": 0.0013, "d2": 0.0011, "d3": 0.0009, "d4": 0.0007, "d5": 0.0005, "d6": 0.0004, "d7": 0.0004, "d8": 0.0003, "d9": 0.0003, "d10": 0.0002, "d11": 0.0001, "d12": 0.0001, "d13": 0.0001, "w0": 10.6, "w1": 10.1, "w2": 9.4, "w3": 8.7, "w4": 8.0, "w5": 7.5, "w6": 7.0, "w7": 6.5, "w8": 6.1, "w9": 5.6, "w10": 5.2, "w11": 14.7, "w12": 30.5, "w13": 35.8}, "geometry": {"type": "Polygon", "coordinates": [[[11.75557, 48.37759], [11.80956, 48.37769], [11.80943, 48.41366], [11.75539, 48.41356], [11.75557, 48.37759]]]}}, {"type": "Feature", "properties": {"d0": 0.0004, "d1": 0.0003, "d2": 0.0003, "d3": 0.0002, "d4": 0.0002, "d5": 0.0002, "d6": 0.0001, "d7": 0.0001, "d8": 0.0001, "d9": 0.0001, "d10": 0.0001, "d11": 0.0, "d12": 0.0, "d13": 0.0, "w0": 5.0, "w1": 4.7, "w2": 4.2, "w3": 3.7, "w4": 3.2, "w5": 2.9, "w6": 2.6, "w7": 2.3, "w8": 2.0, "w9": 1.8, "w10": 1.6, "w11": 17.0, "w12": 40.1, "w13": 46.5}, "geometry": {"type": "Polygon", "coordinates": [[[11.80956, 48.37769], [11.86356, 48.37777], [11.86346, 48.41374], [11.80943, 48.41366], [11.80956, 48.37769]]]}}, {"type": "Feature", "properties": {"d0": 0.0004, "d1": 0.0003, "d2": 0.0003, "d3": 0.0002, "d4": 0.0002, "d5": 0.0001, "d6": 0.0001, "d7": 0.0001, "d8": 0.0001, "d9": 0.0, "d10": 0.0, "d11": 0.0, "d12": 0.0, "d13": 0.0, "w0": 6.0, "w1": 5.6, "w2": 5.0, "w3": 4.4, "w4": 3.9, "w5": 3.5, "w6": 3.2, "w7": 2.8, "w8": 2.5, "w9": 2.2, "w10": 2.0, "w11": 15.3, "w12": 36.9, "w13": 43.6}, "geometry": {"type": "Polygon", "coordinates": [[[11.86356, 48.37777], [11.91755, 48.37782], [11.9175, 48.41379], [11.86346, 48.41374], [11.86356, 48.37777]]]}}, {"type": "Feature", "properties": {"d0": 0.0005, "d1": 0.0004, "d2": 0.0004, "d3": 0.0003, "d4": 0.0002, "d5": 0.0002, "d6": 0.0001, "d7": 0.0001, "d8": 0.0001, "d9": 0.0, "d10": 0.0, "d11": 0.0, "d12": 0.0, "d13": 0.0, "w0": 5.3, "w1": 4.9, "w2": 4.4, "w3": 3.8, "w4": 3.4, "w5": 3.0, "w6": 2.7, "w7": 2.4, "w8": 2.1, "w9": 1.9, "w10": 1.7, "w11": 13.0, "w12": 33.8, "w13": 41.5}, "geometry": {"type": "Polygon", "coordinates": [[[11.91755, 48.37782], [11.97155, 48.37784], [11.97153, 48.41382], [11.9175, 48.41379], [11.91755, 48.37782]]]}}, {"type": "Feature", "properties": {"d0": 0.0007, "d1": 0.0006, "d2": 0.0005, "d3": 0.0004, "d4": 0.0003, "d5": 0.0003, "d6": 0.0002, "d7": 0.0002, "d8": 0.0001, "d9": 0.0001, "d10": 0.0001, "d11": 0.0, "d12": 0.0, "d13": 0.0, "w0": 4.1, "w1": 3.7, "w2": 3.4, "w3": 3.0, "w4": 2.6, "w5": 2.3, "w6": 2.1, "w7": 1.9, "w8": 1.7, "w9": 1.5, "w10": 1.3, "w11": 11.7, "w12": 32.9, "w13": 41.5}, "geometry": {"type": "Polygon", "coordinates": [[[11.97155, 48.37784], [12.02555, 48.37784], [12.02557, 48.41382], [11.97153, 48.41382], [11.97155, 48.37784]]]}}, {"type": "Feature", "properties": {"d0": 0.0002, "d1": 0.0002, "d2": 0.0002, "d3": 0.0001, "d4": 0.0001, "d5": 0.0001, "d6": 0.0001, "d7": 0.0, "d8": 0.0, "d9": 0.0, "d10": 0.0, "d11": 0.0, "d12": 0.0, "d13": 0.0, "w0": 4.8, "w1": 4.5, "w2": 4.1, "w3": 3.7, "w4": 3.4, "w5": 3.1, "w6": 2.8, "w7": 2.5, "w8": 2.3, "w9": 2.1, "w10": 1.9, "w11": 11.1, "w12": 30.3, "w13": 38.4}, "geometry": {"type": "Polygon", "coordinates": [[[12.02555, 48.37784], [12.07954, 48.37782], [12.0796, 48.41379], [12.02557, 48.41382], [12.02555, 48.37784]]]}}, {"type": "Feature", "properties": {"d0": 0.0001, "d1": 0.0001, "d2": 0.0, "d3": 0.0, "d4": 0.0, "d5": 0.0, "d6": 0.0, "d7": 0.0, "d8": 0.0, "d9": 0.0, "d10": 0.0, "d11": 0.0, "d12": 0.0, "d13": 0.0, "w0": 4.5, "w1": 4.2, "w2": 3.8, "w3": 3.5, "w4": 3.1, "w5": 2.9, "w6": 2.6, "w7": 2.4, "w8": 2.2, "w9": 1.9, "w10": 1.8, "w11": 10.7, "w12": 28.7, "w13": 36.2}, "geometry": {"type": "Polygon", "coordinates": [[[12.07954, 48.37782], [12.13354, 48.37777], [12.13363, 48.41374], [12.0796, 48.41379], [12.07954, 48.37782]]]}}, {"type": "Feature", "properties": {"d0": 0.0, "d1": 0.0, "d2": 0.0, "d3": 0.0, "d4": 0.0, "d5": 0.0, "d6": 0.0, "d7": 0.0, "d8": 0.0, "d9": 0.0, "d10": 0.0, "d11": 0.0, "d12": 0.0, "d13": 0.0, "w0": 4.0, "w1": 3.7, "w2": 3.3, "w3": 3.0, "w4": 2.7, "w5": 2.4, "w6": 2.2, "w7": 2.0, "w8": 1.8, "w9": 1.6, "w10": 1.5, "w11": 10.2, "w12": 29.0, "w13": 37.3}, "geometry": {"type": "Polygon", "coordinates": [[[12.13354, 48.37777], [12.18754, 48.37769], [12.18767, 48.41366], [12.13363, 48.41374], [12.13354, 48.37777]]]}}, {"type": "Feature", "properties": {"d0": 0.0001, "d1": 0.0001, "d2": 0.0, "d3": 0.0, "d4": 0.0, "d5": 0.0, "d6": 0.0, "d7": 0.0, "d8": 0.0, "d9": 0.0, "d10": 0.0, "d11": 0.0, "d12": 0.0, "d13": 0.0, "w0": 4.0, "w1": 3.7, "w2": 3.3, "w3": 3.0, "w4": 2.6, "w5": 2.4, "w6": 2.2, "w7": 1.9, "w8": 1.7, "w9": 1.5, "w10": 1.4, "w11": 9.6, "w12": 28.9, "w13": 37.9}, "geometry": {"type": "Polygon", "coordinates": [[[12.18754, 48.37769], [12.24153, 48.37759], [12.2417, 48.41356], [12.18767, 48.41366], [12.18754, 48.37769]]]}}, {"type": "Feature", "properties": {"d0": 0.0, "d1": 0.0, "d2": 0.0, "d3": 0.0, "d4": 0.0, "d5": 0.0, "d6": 0.0, "d7": 0.0001, "d8": 0.0001, "d9": 0.0001, "d10": 0.0001, "d11": 0.0001, "d12": 0.0, "d13": 0.0, "w0": 6.3, "w1": 5.8, "w2": 5.4, "w3": 4.9, "w4": 4.4, "w5": 4.0, "w6": 3.7, "w7": 3.4, "w8": 3.1, "w9": 2.8, "w10": 2.6, "w11": 8.9, "w12": 25.2, "w13": 33.6}, "geometry": {"type": "Polygon", "coordinates": [[[12.24153, 48.37759], [12.29553, 48.37747], [12.29574, 48.41344], [12.2417, 48.41356], [12.24153, 48.37759]]]}}, {"type": "Feature", "properties": {"d0": 0.001, "d1": 0.0003, "d2": 0.0, "d3": 0.0, "d4": 0.0, "d5": 0.0, "d6": 0.0, "d7": 0.0, "d8": 0.0, "d9": 0.0, "d10": 0.0, "d11": 0.0, "d12": 0.0, "d13": 0.0001, "w0": 7.2, "w1": 6.7, "w2": 6.1, "w3": 5.6, "w4": 5.0, "w5": 4.6, "w6": 4.2, "w7": 3.8, "w8": 3.5, "w9": 3.2, "w10": 2.9, "w11": 9.2, "w12": 25.7, "w13": 34.4}, "geometry": {"type": "Polygon", "coordinates": [[[12.29553, 48.37747], [12.34952, 48.37731], [12.34977, 48.41329], [12.29574, 48.41344], [12.29553, 48.37747]]]}}, {"type": "Feature", "properties": {"d0": 0.0006, "d1": 0.0002, "d2": 0.0, "d3": 0.0, "d4": 0.0, "d5": 0.0, "d6": 0.0, "d7": 0.0, "d8": 0.0, "d9": 0.0, "d10": 0.0, "d11": 0.0, "d12": 0.0, "d13": 0.0, "w0": 6.8, "w1": 6.3, "w2": 5.8, "w3": 5.3, "w4": 4.8, "w5": 4.3, "w6": 4.0, "w7": 3.6, "w8": 3.3, "w9": 3.0, "w10": 2.7, "w11": 10.0, "w12": 27.3, "w13": 35.8}, "geometry": {"type": "Polygon", "coordinates": [[[12.34952, 48.37731], [12.40352, 48.37714], [12.4038, 48.41311], [12.34977, 48.41329], [12.34952, 48.37731]]]}}, {"type": "Feature", "properties": {"d0": 0.0001, "d1": 0.0, "d2": 0.0, "d3": 0.0, "d4": 0.0, "d5": 0.0, "d6": 0.0, "d7": 0.0, "d8": 0.0, "d9": 0.0, "d10": 0.0, "d11": 0.0, "d12": 0.0, "d13": 0.0, "w0": 4.3, "w1": 3.9, "w2": 3.6, "w3": 3.2, "w4": 2.8, "w5": 2.5, "w6": 2.3, "w7": 2.0, "w8": 1.8, "w9": 1.6, "w10": 1.6, "w11": 11.2, "w12": 31.1, "w13": 39.9}, "geometry": {"type": "Polygon", "coordinates": [[[12.40352, 48.37714], [12.45751, 48.37693], [12.45783, 48.41291], [12.4038, 48.41311], [12.40352, 48.37714]]]}}, {"type": "Feature", "properties": {"d0": 0.0, "d1": 0.0, "d2": 0.0, "d3": 0.0, "d4": 0.0, "d5": 0.0, "d6": 0.0, "d7": 0.0, "d8": 0.0, "d9": 0.0, "d10": 0.0, "d11": 0.0, "d12": 0.0, "d13": 0.0, "w0": 2.9, "w1": 2.6, "w2": 2.3, "w3": 2.1, "w4": 1.8, "w5": 1.6, "w6": 1.5, "w7": 1.3, "w8": 1.1, "w9": 1.0, "w10": 1.6, "w11": 12.5, "w12": 32.4, "w13": 40.6}, "geometry": {"type": "Polygon", "coordinates": [[[12.45751, 48.37693], [12.5115, 48.37671], [12.51187, 48.41268], [12.45783, 48.41291], [12.45751, 48.37693]]]}}, {"type": "Feature", "properties": {"d0": 0.0, "d1": 0.0, "d2": 0.0, "d3": 0.0, "d4": 0.0, "d5": 0.0, "d6": 0.0, "d7": 0.0, "d8": 0.0, "d9": 0.0, "d10": 0.0, "d11": 0.0, "d12": 0.0, "d13": 0.0, "w0": 2.7, "w1": 2.5, "w2": 2.3, "w3": 2.0, "w4": 1.8, "w5": 1.6, "w6": 1.5, "w7": 1.3, "w8": 1.2, "w9": 1.1, "w10": 1.8, "w11": 11.2, "w12": 28.7, "w13": 36.2}, "geometry": {"type": "Polygon", "coordinates": [[[12.5115, 48.37671], [12.5655, 48.37645], [12.5659, 48.41242], [12.51187, 48.41268], [12.5115, 48.37671]]]}}, {"type": "Feature", "properties": {"d0": 0.0, "d1": 0.0, "d2": 0.0, "d3": 0.0, "d4": 0.0, "d5": 0.0, "d6": 0.0, "d7": 0.0, "d8": 0.0, "d9": 0.0, "d10": 0.0, "d11": 0.0, "d12": 0.0, "d13": 0.0, "w0": 1.9, "w1": 1.7, "w2": 1.6, "w3": 1.4, "w4": 1.2, "w5": 1.1, "w6": 1.0, "w7": 0.9, "w8": 0.8, "w9": 0.7, "w10": 1.6, "w11": 10.6, "w12": 28.2, "w13": 36.2}, "geometry": {"type": "Polygon", "coordinates": [[[12.5655, 48.37645], [12.61949, 48.37618], [12.61993, 48.41215], [12.5659, 48.41242], [12.5655, 48.37645]]]}}, {"type": "Feature", "properties": {"d0": 0.0, "d1": 0.0, "d2": 0.0, "d3": 0.0, "d4": 0.0, "d5": 0.0, "d6": 0.0, "d7": 0.0, "d8": 0.0, "d9": 0.0, "d10": 0.0, "d11": 0.0, "d12": 0.0, "d13": 0.0, "w0": 2.7, "w1": 2.4, "w2": 2.1, "w3": 1.8, "w4": 1.5, "w5": 1.3, "w6": 1.1, "w7": 1.0, "w8": 0.8, "w9": 0.7, "w10": 1.4, "w11": 9.6, "w12": 28.4, "w13": 37.8}, "geometry": {"type": "Polygon", "coordinates": [[[12.61949, 48.37618], [12.67348, 48.37587], [12.67396, 48.41184], [12.61993, 48.41215], [12.61949, 48.37618]]]}}, {"type": "Feature", "properties": {"d0": 0.0, "d1": 0.0, "d2": 0.0, "d3": 0.0, "d4": 0.0, "d5": 0.0, "d6": 0.0, "d7": 0.0, "d8": 0.0, "d9": 0.0, "d10": 0.0, "d11": 0.0, "d12": 0.0, "d13": 0.0, "w0": 4.7, "w1": 4.2, "w2": 3.7, "w3": 3.1, "w4": 2.7, "w5": 2.3, "w6": 2.0, "w7": 1.7, "w8": 1.5, "w9": 1.3, "w10": 1.4, "w11": 7.0, "w12": 25.4, "w13": 36.0}, "geometry": {"type": "Polygon", "coordinates": [[[12.67348, 48.37587], [12.72747, 48.37554], [12.72798, 48.41151], [12.67396, 48.41184], [12.67348, 48.37587]]]}}, {"type": "Feature", "properties": {"d0": 0.0002, "d1": 0.0003, "d2": 0.0003, "d3": 0.0003, "d4": 0.0003, "d5": 0.0003, "d6": 0.0003, "d7": 0.0003, "d8": 0.0003, "d9": 0.0002, "d10": 0.0002, "d11": 0.0002, "d12": 0.0001, "d13": 0.0001, "w0": 25.7, "w1": 23.6, "w2": 21.2, "w3": 18.7, "w4": 16.4, "w5": 14.6, "w6": 13.0, "w7": 11.5, "w8": 10.1, "w9": 8.8, "w10": 7.8, "w11": 10.9, "w12": 20.5, "w13": 24.7}, "geometry": {"type": "Polygon", "coordinates": [[[11.4312, 48.41242], [11.48523, 48.41267], [11.48487, 48.44864], [11.4308, 48.44839], [11.4312, 48.41242]]]}}, {"type": "Feature", "properties": {"d0": 0.0006, "d1": 0.0005, "d2": 0.0005, "d3": 0.0004, "d4": 0.0003, "d5": 0.0003, "d6": 0.0002, "d7": 0.0002, "d8": 0.0002, "d9": 0.0001, "d10": 0.0001, "d11": 0.0001, "d12": 0.0001, "d13": 0.0001, "w0": 14.0, "w1": 12.5, "w2": 11.0, "w3": 9.6, "w4": 8.3, "w5": 7.3, "w6": 6.4, "w7": 5.6, "w8": 4.9, "w9": 4.2, "w10": 3.7, "w11": 7.7, "w12": 18.7, "w13": 23.7}, "geometry": {"type": "Polygon", "coordinates": [[[11.48523, 48.41267], [11.53926, 48.4129], [11.53894, 48.44887], [11.48487, 48.44864], [11.48523, 48.41267]]]}}, {"type": "Feature", "properties": {"d0": 0.0016, "d1": 0.0014, "d2": 0.0012, "d3": 0.001, "d4": 0.0009, "d5": 0.0007, "d6": 0.0006, "d7": 0.0005, "d8": 0.0004, "d9": 0.0003, "d10": 0.0002, "d11": 0.0002, "d12": 0.0002, "d13": 0.0001, "w0": 7.7, "w1": 6.8, "w2": 6.0, "w3": 5.1, "w4": 4.4, "w5": 3.8, "w6": 3.3, "w7": 2.9, "w8": 2.5, "w9": 2.1, "w10": 1.8, "w11": 6.1, "w12": 19.1, "w13": 25.6}, "geometry": {"type": "Polygon", "coordinates": [[[11.53926, 48.4129], [11.59329, 48.4131], [11.59301, 48.44907], [11.53894, 48.44887], [11.53926, 48.4129]]]}}, {"type": "Feature", "properties": {"d0": 0.0028, "d1": 0.0025, "d2": 0.0022, "d3": 0.002, "d4": 0.0017, "d5": 0.0015, "d6": 0.0013, "d7": 0.0012, "d8": 0.0011, "d9": 0.0009, "d10": 0.0008, "d11": 0.0006, "d12": 0.0006, "d13": 0.0005, "w0": 3.6, "w1": 3.2, "w2": 2.8, "w3": 2.4, "w4": 2.1, "w5": 1.8, "w6": 1.6, "w7": 1.4, "w8": 1.2, "w9": 1.1, "w10": 0.9, "w11": 4.3, "w12": 18.7, "w13": 26.9}, "geometry": {"type": "Polygon", "coordinates": [[[11.59329, 48.4131], [11.64733, 48.41328], [11.64708, 48.44925], [11.59301, 48.44907], [11.59329, 48.4131]]]}}, {"type": "Feature", "properties": {"d0": 0.003, "d1": 0.0027, "d2": 0.0023, "d3": 0.002, "d4": 0.0017, "d5": 0.0016, "d6": 0.0015, "d7": 0.0015, "d8": 0.0015, "d9": 0.0014, "d10": 0.0012, "d11": 0.0011, "d12": 0.0009, "d13": 0.0009, "w0": 5.4, "w1": 5.0, "w2": 4.5, "w3": 4.0, "w4": 3.6, "w5": 3.3, "w6": 3.0, "w7": 2.7, "w8": 2.4, "w9": 2.2, "w10": 2.0, "w11": 3.4, "w12": 16.2, "w13": 24.8}, "geometry": {"type": "Polygon", "coordinates": [[[11.64733, 48.41328], [11.70136, 48.41343], [11.70115, 48.4494], [11.64708, 48.44925], [11.64733, 48.41328]]]}}, {"type": "Feature", "properties": {"d0": 0.0025, "d1": 0.0021, "d2": 0.0018, "d3": 0.0015, "d4": 0.0013, "d5": 0.0012, "d6": 0.0011, "d7": 0.0012, "d8": 0.0011, "d9": 0.0011, "d10": 0.0009, "d11": 0.0008, "d12": 0.0007, "d13": 0.0006, "w0": 4.4, "w1": 4.0, "w2": 3.6, "w3": 3.1, "w4": 2.7, "w5": 2.4, "w6": 2.2, "w7": 2.0, "w8": 1.7, "w9": 1.5, "w10": 1.3, "w11": 5.4, "w12": 22.2, "w13": 31.8}, "geometry": {"type": "Polygon", "coordinates": [[[11.70136, 48.41343], [11.75539, 48.41356], [11.75522, 48.44953], [11.70115, 48.4494], [11.70136, 48.41343]]]}}, {"type": "Feature", "properties": {"d0": 0.0022, "d1": 0.002, "d2": 0.0018, "d3": 0.0016, "d4": 0.0013, "d5": 0.0011, "d6": 0.001, "d7": 0.001, "d8": 0.0009, "d9": 0.0008, "d10": 0.0007, "d11": 0.0006, "d12": 0.0006, "d13": 0.0005, "w0": 5.5, "w1": 5.0, "w2": 4.4, "w3": 3.8, "w4": 3.2, "w5": 2.8, "w6": 2.5, "w7": 2.2, "w8": 1.9, "w9": 1.6, "w10": 1.4, "w11": 9.6, "w12": 30.3, "w13": 39.9}, "geometry": {"type": "Polygon", "coordinates": [[[11.75539, 48.41356], [11.80943, 48.41366], [11.80929, 48.44963], [11.75522, 48.44953], [11.75539, 48.41356]]]}}, {"type": "Feature", "properties": {"d0": 0.0028, "d1": 0.0026, "d2": 0.0024, "d3": 0.0022, "d4": 0.0019, "d5": 0.0017, "d6": 0.0015, "d7": 0.0014, "d8": 0.0013, "d9": 0.0012, "d10": 0.001, "d11": 0.0008, "d12": 0.0007, "d13": 0.0007, "w0": 7.3, "w1": 6.7, "w2": 5.9, "w3": 5.1, "w4": 4.4, "w5": 3.9, "w6": 3.5, "w7": 3.1, "w8": 2.7, "w9": 2.3, "w10": 2.1, "w11": 11.7, "w12": 33.5, "w13": 42.9}, "geometry": {"type": "Polygon", "coordinates": [[[11.80943, 48.41366], [11.86346, 48.41374], [11.86337, 48.44971], [11.80929, 48.44963], [11.80943, 48.41366]]]}}, {"type": "Feature", "properties": {"d0": 0.0053, "d1": 0.005, "d2": 0.0047, "d3": 0.0044, "d4": 0.004, "d5": 0.0037, "d6": 0.0035, "d7": 0.0033, "d8": 0.0032, "d9": 0.003, "d10": 0.0027, "d11": 0.0024, "d12": 0.0023, "d13": 0.0021, "w0": 8.7, "w1": 8.0, "w2": 7.2, "w3": 6.4, "w4": 5.7, "w5": 5.1, "w6": 4.6, "w7": 4.1, "w8": 3.6, "w9": 3.2, "w10": 2.9, "w11": 11.6, "w12": 32.6, "w13": 42.0}, "geometry": {"type": "Polygon", "coordinates": [[[11.86346, 48.41374], [11.9175, 48.41379], [11.91744, 48.44976], [11.86337, 48.44971], [11.86346, 48.41374]]]}}, {"type": "Feature", "properties": {"d0": 0.0012, "d1": 0.0011, "d2": 0.0011, "d3": 0.0009, "d4": 0.0008, "d5": 0.0007, "d6": 0.0006, "d7": 0.0006, "d8": 0.0006, "d9": 0.0005, "d10": 0.0004, "d11": 0.0003, "d12": 0.0003, "d13": 0.0, "w0": 7.4, "w1": 6.8, "w2": 6.1, "w3": 5.4, "w4": 4.8, "w5": 4.2, "w6": 3.8, "w7": 3.4, "w8": 3.0, "w9": 2.6, "w10": 2.4, "w11": 11.0, "w12": 31.9, "w13": 41.5}, "geometry": {"type": "Polygon", "coordinates": [[[11.9175, 48.41379], [11.97153, 48.41382], [11.97151, 48.44979], [11.91744, 48.44976], [11.9175, 48.41379]]]}}, {"type": "Feature", "properties": {"d0": 0.0009, "d1": 0.0008, "d2": 0.0007, "d3": 0.0006, "d4": 0.0004, "d5": 0.0003, "d6": 0.0002, "d7": 0.0002, "d8": 0.0002, "d9": 0.0002, "d10": 0.0001, "d11": 0.0001, "d12": 0.0002, "d13": 0.0002, "w0": 5.8, "w1": 5.3, "w2": 4.7, "w3": 4.1, "w4": 3.6, "w5": 3.2, "w6": 2.9, "w7": 2.6, "w8": 2.3, "w9": 2.0, "w10": 1.8, "w11": 9.9, "w12": 30.7, "w13": 40.7}, "geometry": {"type": "Polygon", "coordinates": [[[11.97153, 48.41382], [12.02557, 48.41382], [12.02558, 48.44979], [11.97151, 48.44979], [11.97153, 48.41382]]]}}, {"type": "Feature", "properties": {"d0": 0.001, "d1": 0.0009, "d2": 0.0008, "d3": 0.0007, "d4": 0.0006, "d5": 0.0005, "d6": 0.0004, "d7": 0.0003, "d8": 0.0002, "d9": 0.0002, "d10": 0.0001, "d11": 0.0, "d12": 0.0, "d13": 0.0, "w0": 4.5, "w1": 4.1, "w2": 3.7, "w3": 3.3, "w4": 2.9, "w5": 2.6, "w6": 2.3, "w7": 2.1, "w8": 1.8, "w9": 1.6, "w10": 1.4, "w11": 8.8, "w12": 29.3, "w13": 39.6}, "geometry": {"type": "Polygon", "coordinates": [[[12.02557, 48.41382], [12.0796, 48.41379], [12.07966, 48.44976], [12.02558, 48.44979], [12.02557, 48.41382]]]}}, {"type": "Feature", "properties": {"d0": 0.0005, "d1": 0.0004, "d2": 0.0003, "d3": 0.0003, "d4": 0.0002, "d5": 0.0001, "d6": 0.0001, "d7": 0.0001, "d8": 0.0001, "d9": 0.0, "d10": 0.0, "d11": 0.0, "d12": 0.0, "d13": 0.0, "w0": 5.5, "w1": 5.1, "w2": 4.7, "w3": 4.2, "w4": 3.8, "w5": 3.4, "w6": 3.1, "w7": 2.8, "w8": 2.5, "w9": 2.3, "w10": 2.1, "w11": 6.7, "w12": 22.9, "w13": 32.4}, "geometry": {"type": "Polygon", "coordinates": [[[12.0796, 48.41379], [12.13363, 48.41374], [12.13373, 48.44971], [12.07966, 48.44976], [12.0796, 48.41379]]]}}, {"type": "Feature", "properties": {"d0": 0.0004, "d1": 0.0003, "d2": 0.0003, "d3": 0.0002, "d4": 0.0001, "d5": 0.0001, "d6": 0.0001, "d7": 0.0001, "d8": 0.0001, "d9": 0.0, "d10": 0.0, "d11": 0.0, "d12": 0.0, "d13": 0.0, "w0": 6.7, "w1": 6.2, "w2": 5.7, "w3": 5.2, "w4": 4.7, "w5": 4.2, "w6": 3.9, "w7": 3.5, "w8": 3.2, "w9": 2.9, "w10": 2.6, "w11": 5.2, "w12": 18.8, "w13": 27.8}, "geometry": {"type": "Polygon", "coordinates": [[[12.13363, 48.41374], [12.18767, 48.41366], [12.1878, 48.44964], [12.13373, 48.44971], [12.13363, 48.41374]]]}}, {"type": "Feature", "properties": {"d0": 0.0002, "d1": 0.0, "d2": 0.0, "d3": 0.0001, "d4": 0.0002, "d5": 0.0002, "d6": 0.0002, "d7": 0.0001, "d8": 0.0001, "d9": 0.0001, "d10": 0.0001, "d11": 0.0001, "d12": 0.0, "d13": 0.0, "w0": 7.0, "w1": 6.5, "w2": 6.0, "w3": 5.4, "w4": 4.9, "w5": 4.4, "w6": 4.1, "w7": 3.7, "w8": 3.4, "w9": 3.0, "w10": 2.8, "w11": 5.7, "w12": 19.8, "w13": 29.0}, "geometry": {"type": "Polygon", "coordinates": [[[12.18767, 48.41366], [12.2417, 48.41356], [12.24187, 48.44954], [12.1878, 48.44964], [12.18767, 48.41366]]]}}, {"type": "Feature", "properties": {"d0": 0.0008, "d1": 0.0002, "d2": 0.0001, "d3": 0.0, "d4": 0.0, "d5": 0.0003, "d6": 0.0012, "d7": 0.0012, "d8": 0.0011, "d9": 0.0009, "d10": 0.0008, "d11": 0.0006, "d12": 0.0005, "d13": 0.0004, "w0": 6.9, "w1": 6.4, "w2": 5.9, "w3": 5.3, "w4": 4.8, "w5": 4.4, "w6": 4.0, "w7": 3.6, "w8": 3.3, "w9": 3.0, "w10": 2.7, "w11": 6.1, "w12": 21.4, "w13": 31.3}, "geometry": {"type": "Polygon", "coordinates": [[[12.2417, 48.41356], [12.29574, 48.41344], [12.29595, 48.44941], [12.24187, 48.44954], [12.2417, 48.41356]]]}}, {"type": "Feature", "properties": {"d0": 0.0108, "d1": 0.0079, "d2": 0.0057, "d3": 0.004, "d4": 0.0027, "d5": 0.0016, "d6": 0.0009, "d7": 0.0022, "d8": 0.0033, "d9": 0.0032, "d10": 0.0027, "d11": 0.0023, "d12": 0.0022, "d13": 0.002, "w0": 6.3, "w1": 5.8, "w2": 5.3, "w3": 4.8, "w4": 4.3, "w5": 3.9, "w6": 3.5, "w7": 3.2, "w8": 2.9, "w9": 2.6, "w10": 2.4, "w11": 5.9, "w12": 21.9, "w13": 32.5}, "geometry": {"type": "Polygon", "coordinates": [[[12.29574, 48.41344], [12.34977, 48.41329], [12.35002, 48.44926], [12.29595, 48.44941], [12.29574, 48.41344]]]}}, {"type": "Feature", "properties": {"d0": 0.0046, "d1": 0.0027, "d2": 0.0015, "d3": 0.0009, "d4": 0.0005, "d5": 0.0002, "d6": 0.0, "d7": 0.0, "d8": 0.0, "d9": 0.0, "d10": 0.0, "d11": 0.0, "d12": 0.0, "d13": 0.0001, "w0": 5.7, "w1": 5.3, "w2": 4.8, "w3": 4.3, "w4": 3.9, "w5": 3.5, "w6": 3.2, "w7": 2.9, "w8": 2.6, "w9": 2.3, "w10": 2.3, "w11": 7.1, "w12": 24.0, "w13": 34.5}, "geometry": {"type": "Polygon", "coordinates": [[[12.34977, 48.41329], [12.4038, 48.41311], [12.40409, 48.44908], [12.35002, 48.44926], [12.34977, 48.41329]]]}}, {"type": "Feature", "properties": {"d0": 0.0001, "d1": 0.0, "d2": 0.0, "d3": 0.0, "d4": 0.0, "d5": 0.0, "d6": 0.0, "d7": 0.0, "d8": 0.0, "d9": 0.0, "d10": 0.0, "d11": 0.0, "d12": 0.0, "d13": 0.0, "w0": 4.1, "w1": 3.7, "w2": 3.4, "w3": 3.0, "w4": 2.7, "w5": 2.4, "w6": 2.1, "w7": 1.9, "w8": 1.7, "w9": 1.5, "w10": 2.0, "w11": 8.3, "w12": 26.1, "w13": 36.3}, "geometry": {"type": "Polygon", "coordinates": [[[12.4038, 48.41311], [12.45783, 48.41291], [12.45816, 48.44888], [12.40409, 48.44908], [12.4038, 48.41311]]]}}, {"type": "Feature", "properties": {"d0": 0.0, "d1": 0.0, "d2": 0.0, "d3": 0.0, "d4": 0.0, "d5": 0.0, "d6": 0.0, "d7": 0.0, "d8": 0.0, "d9": 0.0, "d10": 0.0, "d11": 0.0, "d12": 0.0, "d13": 0.0, "w0": 3.0, "w1": 2.8, "w2": 2.5, "w3": 2.2, "w4": 2.0, "w5": 1.8, "w6": 1.6, "w7": 1.4, "w8": 1.3, "w9": 1.1, "w10": 2.1, "w11": 9.0, "w12": 26.3, "w13": 35.8}, "geometry": {"type": "Polygon", "coordinates": [[[12.45783, 48.41291], [12.51187, 48.41268], [12.51223, 48.44865], [12.45816, 48.44888], [12.45783, 48.41291]]]}}, {"type": "Feature", "properties": {"d0": 0.0, "d1": 0.0, "d2": 0.0, "d3": 0.0, "d4": 0.0, "d5": 0.0, "d6": 0.0, "d7": 0.0, "d8": 0.0, "d9": 0.0, "d10": 0.0, "d11": 0.0, "d12": 0.0, "d13": 0.0, "w0": 2.2, "w1": 2.0, "w2": 1.8, "w3": 1.6, "w4": 1.4, "w5": 1.3, "w6": 1.1, "w7": 1.0, "w8": 0.9, "w9": 0.8, "w10": 2.3, "w11": 8.3, "w12": 24.0, "w13": 33.2}, "geometry": {"type": "Polygon", "coordinates": [[[12.51187, 48.41268], [12.5659, 48.41242], [12.5663, 48.44839], [12.51223, 48.44865], [12.51187, 48.41268]]]}}, {"type": "Feature", "properties": {"d0": 0.0, "d1": 0.0, "d2": 0.0, "d3": 0.0, "d4": 0.0, "d5": 0.0, "d6": 0.0, "d7": 0.0, "d8": 0.0, "d9": 0.0, "d10": 0.0, "d11": 0.0, "d12": 0.0, "d13": 0.0, "w0": 1.6, "w1": 1.5, "w2": 1.3, "w3": 1.2, "w4": 1.0, "w5": 0.9, "w6": 0.8, "w7": 0.7, "w8": 0.7, "w9": 0.6, "w10": 2.4, "w11": 7.4, "w12": 22.3, "w13": 31.7}, "geometry": {"type": "Polygon", "coordinates": [[[12.5659, 48.41242], [12.61993, 48.41215], [12.62036, 48.44812], [12.5663, 48.44839], [12.5659, 48.41242]]]}}, {"type": "Feature", "properties": {"d0": 0.0, "d1": 0.0, "d2": 0.0, "d3": 0.0, "d4": 0.0, "d5": 0.0, "d6": 0.0, "d7": 0.0, "d8": 0.0, "d9": 0.0, "d10": 0.0, "d11": 0.0, "d12": 0.0, "d13": 0.0, "w0": 2.3, "w1": 2.1, "w2": 1.9, "w3": 1.7, "w4": 1.4, "w5": 1.3, "w6": 1.1, "w7": 1.0, "w8": 0.9, "w9": 0.8, "w10": 1.9, "w11": 6.6, "w12": 22.5, "w13": 32.7}, "geometry": {"type": "Polygon", "coordinates": [[[12.61993, 48.41215], [12.67396, 48.41184], [12.67443, 48.44781], [12.62036, 48.44812], [12.61993, 48.41215]]]}}, {"type": "Feature", "properties": {"d0": 0.0, "d1": 0.0, "d2": 0.0, "d3": 0.0, "d4": 0.0, "d5": 0.0, "d6": 0.0, "d7": 0.0, "d8": 0.0, "d9": 0.0, "d10": 0.0, "d11": 0.0, "d12": 0.0, "d13": 0.0, "w0": 4.5, "w1": 4.0, "w2": 3.5, "w3": 3.0, "w4": 2.6, "w5": 2.2, "w6": 2.0, "w7": 1.7, "w8": 1.5, "w9": 1.3, "w10": 2.1, "w11": 6.0, "w12": 22.5, "w13": 33.6}, "geometry": {"type": "Polygon", "coordinates": [[[12.67396, 48.41184], [12.72798, 48.41151], [12.7285, 48.44748], [12.67443, 48.44781], [12.67396, 48.41184]]]}}, {"type": "Feature", "properties": {"d0": 0.0001, "d1": 0.0001, "d2": 0.0002, "d3": 0.0002, "d4": 0.0003, "d5": 0.0003, "d6": 0.0003, "d7": 0.0003, "d8": 0.0003, "d9": 0.0003, "d10": 0.0003, "d11": 0.0003, "d12": 0.0003, "d13": 0.0003, "w0": 27.3, "w1": 25.0, "w2": 22.4, "w3": 19.6, "w4": 17.1, "w5": 15.1, "w6": 13.4, "w7": 11.8, "w8": 10.3, "w9": 8.9, "w10": 7.8, "w11": 11.5, "w12": 24.3, "w13": 30.6}, "geometry": {"type": "Polygon", "coordinates": [[[11.4308, 48.44839], [11.48487, 48.44864], [11.4845, 48.48461], [11.4304, 48.48436], [11.4308, 48.44839]]]}}, {"type": "Feature", "properties": {"d0": 0.0007, "d1": 0.0006, "d2": 0.0006, "d3": 0.0006, "d4": 0.0006, "d5": 0.0006, "d6": 0.0005, "d7": 0.0005, "d8": 0.0004, "d9": 0.0004, "d10": 0.0003, "d11": 0.0003, "d12": 0.0003, "d13": 0.0002, "w0": 16.5, "w1": 15.0, "w2": 13.4, "w3": 11.7, "w4": 10.2, "w5": 9.1, "w6": 8.1, "w7": 7.1, "w8": 6.2, "w9": 5.4, "w10": 4.8, "w11": 7.8, "w12": 20.6, "w13": 27.6}, "geometry": {"type": "Polygon", "coordinates": [[[11.48487, 48.44864], [11.53894, 48.44887], [11.53861, 48.48484], [11.4845, 48.48461], [11.48487, 48.44864]]]}}, {"type": "Feature", "properties": {"d0": 0.0013, "d1": 0.0013, "d2": 0.0012, "d3": 0.0012, "d4": 0.0011, "d5": 0.001, "d6": 0.0009, "d7": 0.0008, "d8": 0.0007, "d9": 0.0006, "d10": 0.0006, "d11": 0.0005, "d12": 0.0004, "d13": 0.0004, "w0": 12.1, "w1": 11.2, "w2": 10.2, "w3": 9.1, "w4": 8.2, "w5": 7.4, "w6": 6.7, "w7": 6.1, "w8": 5.4, "w9": 4.8, "w10": 4.4, "w11": 6.4, "w12": 17.9, "w13": 25.0}, "geometry": {"type": "Polygon", "coordinates": [[[11.53894, 48.44887], [11.59301, 48.44907], [11.59272, 48.48504], [11.53861, 48.48484], [11.53894, 48.44887]]]}}, {"type": "Feature", "properties": {"d0": 0.0041, "d1": 0.0039, "d2": 0.0037, "d3": 0.0035, "d4": 0.0032, "d5": 0.0029, "d6": 0.0027, "d7": 0.0024, "d8": 0.0021, "d9": 0.0017, "d10": 0.0014, "d11": 0.0011, "d12": 0.0009, "d13": 0.0008, "w0": 8.1, "w1": 7.3, "w2": 6.5, "w3": 5.7, "w4": 5.0, "w5": 4.5, "w6": 4.0, "w7": 3.6, "w8": 3.2, "w9": 2.8, "w10": 2.5, "w11": 3.9, "w12": 16.7, "w13": 25.6}, "geometry": {"type": "Polygon", "coordinates": [[[11.59301, 48.44907], [11.64708, 48.44925], [11.64683, 48.48522], [11.59272, 48.48504], [11.59301, 48.44907]]]}}, {"type": "Feature", "properties": {"d0": 0.0058, "d1": 0.0054, "d2": 0.0051, "d3": 0.0049, "d4": 0.0046, "d5": 0.0044, "d6": 0.0043, "d7": 0.004, "d8": 0.0036, "d9": 0.0031, "d10": 0.0026, "d11": 0.0021, "d12": 0.0016, "d13": 0.0013, "w0": 6.3, "w1": 5.7, "w2": 5.1, "w3": 4.4, "w4": 3.9, "w5": 3.4, "w6": 3.1, "w7": 2.7, "w8": 2.4, "w9": 2.1, "w10": 1.8, "w11": 2.8, "w12": 17.4, "w13": 28.0}, "geometry": {"type": "Polygon", "coordinates": [[[11.64708, 48.44925], [11.70115, 48.4494], [11.70094, 48.48538], [11.64683, 48.48522], [11.64708, 48.44925]]]}}, {"type": "Feature", "properties": {"d0": 0.0037, "d1": 0.0034, "d2": 0.0031, "d3": 0.0028, "d4": 0.0026, "d5": 0.0024, "d6": 0.0023, "d7": 0.0022, "d8": 0.002, "d9": 0.0017, "d10": 0.0014, "d11": 0.0012, "d12": 0.0009, "d13": 0.0008, "w0": 7.1, "w1": 6.4, "w2": 5.6, "w3": 4.9, "w4": 4.2, "w5": 3.7, "w6": 3.3, "w7": 2.9, "w8": 2.5, "w9": 2.2, "w10": 1.9, "w11": 3.7, "w12": 20.0, "w13": 31.3}, "geometry": {"type": "Polygon", "coordinates": [[[11.70115, 48.4494], [11.75522, 48.44953], [11.75505, 48.4855], [11.70094, 48.48538], [11.70115, 48.4494]]]}}, {"type": "Feature", "properties": {"d0": 0.003, "d1": 0.0027, "d2": 0.0024, "d3": 0.0021, "d4": 0.0018, "d5": 0.0016, "d6": 0.0015, "d7": 0.0014, "d8": 0.0013, "d9": 0.0011, "d10": 0.001, "d11": 0.0008, "d12": 0.0007, "d13": 0.0007, "w0": 9.3, "w1": 8.4, "w2": 7.4, "w3": 6.4, "w4": 5.5, "w5": 4.8, "w6": 4.2, "w7": 3.7, "w8": 3.2, "w9": 2.8, "w10": 2.5, "w11": 5.5, "w12": 23.5, "w13": 35.3}, "geometry": {"type": "Polygon", "coordinates": [[[11.75522, 48.44953], [11.80929, 48.44963], [11.80916, 48.4856], [11.75505, 48.4855], [11.75522, 48.44953]]]}}, {"type": "Feature", "properties": {"d0": 0.003, "d1": 0.0028, "d2": 0.0025, "d3": 0.0023, "d4": 0.002, "d5": 0.0018, "d6": 0.0016, "d7": 0.0015, "d8": 0.0015, "d9": 0.0013, "d10": 0.0012, "d11": 0.0011, "d12": 0.001, "d13": 0.0009, "w0": 12.1, "w1": 11.0, "w2": 9.7, "w3": 8.4, "w4": 7.3, "w5": 6.4, "w6": 5.7, "w7": 5.0, "w8": 4.4, "w9": 3.8, "w10": 3.4, "w11": 7.5, "w12": 27.3, "w13": 39.4}, "geometry": {"type": "Polygon", "coordinates": [[[11.80929, 48.44963], [11.86337, 48.44971], [11.86327, 48.48568], [11.80916, 48.4856], [11.80929, 48.44963]]]}}, {"type": "Feature", "properties": {"d0": 0.0045, "d1": 0.0042, "d2": 0.0039, "d3": 0.0036, "d4": 0.0032, "d5": 0.0029, "d6": 0.0027, "d7": 0.0027, "d8": 0.0027, "d9": 0.0025, "d10": 0.0024, "d11": 0.0022, "d12": 0.002, "d13": 0.002, "w0": 11.1, "w1": 9.9, "w2": 8.7, "w3": 7.4, "w4": 6.4, "w5": 5.6, "w6": 4.9, "w7": 4.2, "w8": 3.7, "w9": 3.1, "w10": 2.8, "w11": 8.5, "w12": 30.7, "w13": 43.3}, "geometry": {"type": "Polygon", "coordinates": [[[11.86337, 48.44971], [11.91744, 48.44976], [11.91738, 48.48573], [11.86327, 48.48568], [11.86337, 48.44971]]]}}, {"type": "Feature", "properties": {"d0": 0.0019, "d1": 0.0018, "d2": 0.0018, "d3": 0.0017, "d4": 0.0015, "d5": 0.0014, "d6": 0.0014, "d7": 0.0014, "d8": 0.0014, "d9": 0.0013, "d10": 0.0012, "d11": 0.0011, "d12": 0.001, "d13": 0.001, "w0": 8.5, "w1": 7.6, "w2": 6.6, "w3": 5.7, "w4": 4.8, "w5": 4.2, "w6": 3.6, "w7": 3.1, "w8": 2.7, "w9": 2.3, "w10": 2.0, "w11": 8.5, "w12": 31.2, "w13": 43.7}, "geometry": {"type": "Polygon", "coordinates": [[[11.91744, 48.44976], [11.97151, 48.44979], [11.97149, 48.48576], [11.91738, 48.48573], [11.91744, 48.44976]]]}}, {"type": "Feature", "properties": {"d0": 0.001, "d1": 0.001, "d2": 0.001, "d3": 0.001, "d4": 0.0009, "d5": 0.0007, "d6": 0.0007, "d7": 0.0007, "d8": 0.0007, "d9": 0.0007, "d10": 0.0007, "d11": 0.0006, "d12": 0.0006, "d13": 0.0006, "w0": 7.4, "w1": 6.7, "w2": 6.0, "w3": 5.2, "w4": 4.5, "w5": 4.0, "w6": 3.6, "w7": 3.1, "w8": 2.8, "w9": 2.4, "w10": 2.2, "w11": 7.9, "w12": 28.5, "w13": 40.2}, "geometry": {"type": "Polygon", "coordinates": [[[11.97151, 48.44979], [12.02558, 48.44979], [12.0256, 48.48576], [11.97149, 48.48576], [11.97151, 48.44979]]]}}, {"type": "Feature", "properties": {"d0": 0.0016, "d1": 0.0015, "d2": 0.0015, "d3": 0.0014, "d4": 0.0012, "d5": 0.001, "d6": 0.0009, "d7": 0.0008, "d8": 0.0007, "d9": 0.0007, "d10": 0.0006, "d11": 0.0006, "d12": 0.0006, "d13": 0.0006, "w0": 7.9, "w1": 7.3, "w2": 6.7, "w3": 6.0, "w4": 5.4, "w5": 4.9, "w6": 4.4, "w7": 4.0, "w8": 3.6, "w9": 3.2, "w10": 2.9, "w11": 6.4, "w12": 23.2, "w13": 34.0}, "geometry": {"type": "Polygon", "coordinates": [[[12.02558, 48.44979], [12.07966, 48.44976], [12.07971, 48.48573], [12.0256, 48.48576], [12.02558, 48.44979]]]}}, {"type": "Feature", "properties": {"d0": 0.0017, "d1": 0.0015, "d2": 0.0013, "d3": 0.0012, "d4": 0.001, "d5": 0.0008, "d6": 0.0006, "d7": 0.0005, "d8": 0.0004, "d9": 0.0003, "d10": 0.0003, "d11": 0.0002, "d12": 0.0003, "d13": 0.0003, "w0": 5.6, "w1": 5.2, "w2": 4.7, "w3": 4.1, "w4": 3.7, "w5": 3.3, "w6": 3.0, "w7": 2.7, "w8": 2.4, "w9": 2.1, "w10": 1.9, "w11": 3.8, "w12": 19.9, "w13": 31.3}, "geometry": {"type": "Polygon", "coordinates": [[[12.07966, 48.44976], [12.13373, 48.44971], [12.13382, 48.48568], [12.07971, 48.48573], [12.07966, 48.44976]]]}}, {"type": "Feature", "properties": {"d0": 0.0033, "d1": 0.0029, "d2": 0.0026, "d3": 0.0022, "d4": 0.0018, "d5": 0.0015, "d6": 0.0012, "d7": 0.001, "d8": 0.0008, "d9": 0.0006, "d10": 0.0005, "d11": 0.0004, "d12": 0.0004, "d13": 0.0004, "w0": 5.6, "w1": 5.1, "w2": 4.6, "w3": 4.1, "w4": 3.6, "w5": 3.2, "w6": 2.9, "w7": 2.6, "w8": 2.3, "w9": 2.1, "w10": 1.9, "w11": 2.4, "w12": 17.3, "w13": 29.0}, "geometry": {"type": "Polygon", "coordinates": [[[12.13373, 48.44971], [12.1878, 48.44964], [12.18793, 48.48561], [12.13382, 48.48568], [12.13373, 48.44971]]]}}, {"type": "Feature", "properties": {"d0": 0.0039, "d1": 0.0033, "d2": 0.0028, "d3": 0.0023, "d4": 0.0019, "d5": 0.0015, "d6": 0.0012, "d7": 0.001, "d8": 0.0008, "d9": 0.0006, "d10": 0.0005, "d11": 0.0004, "d12": 0.0004, "d13": 0.0003, "w0": 5.1, "w1": 4.6, "w2": 4.2, "w3": 3.7, "w4": 3.3, "w5": 2.9, "w6": 2.6, "w7": 2.3, "w8": 2.1, "w9": 1.8, "w10": 1.7, "w11": 3.2, "w12": 18.6, "w13": 30.2}, "geometry": {"type": "Polygon", "coordinates": [[[12.1878, 48.44964], [12.24187, 48.44954], [12.24204, 48.48551], [12.18793, 48.48561], [12.1878, 48.44964]]]}}, {"type": "Feature", "properties": {"d0": 0.0113, "d1": 0.0097, "d2": 0.0084, "d3": 0.0074, "d4": 0.0064, "d5": 0.0055, "d6": 0.0047, "d7": 0.004, "d8": 0.0034, "d9": 0.0028, "d10": 0.0023, "d11": 0.0019, "d12": 0.0015, "d13": 0.0013, "w0": 6.3, "w1": 5.8, "w2": 5.2, "w3": 4.6, "w4": 4.1, "w5": 3.7, "w6": 3.3, "w7": 3.0, "w8": 2.7, "w9": 2.4, "w10": 2.3, "w11": 4.1, "w12": 19.2, "w13": 30.6}, "geometry": {"type": "Polygon", "coordinates": [[[12.24187, 48.44954], [12.29595, 48.44941], [12.29615, 48.48538], [12.24204, 48.48551], [12.24187, 48.44954]]]}}, {"type": "Feature", "properties": {"d0": 0.0289, "d1": 0.0266, "d2": 0.025, "d3": 0.0235, "d4": 0.0218, "d5": 0.0199, "d6": 0.0181, "d7": 0.0162, "d8": 0.0143, "d9": 0.0123, "d10": 0.0106, "d11": 0.0091, "d12": 0.0082, "d13": 0.0076, "w0": 5.7, "w1": 5.2, "w2": 4.7, "w3": 4.2, "w4": 3.7, "w5": 3.3, "w6": 2.9, "w7": 2.6, "w8": 2.3, "w9": 2.0, "w10": 2.1, "w11": 4.2, "w12": 20.8, "w13": 33.2}, "geometry": {"type": "Polygon", "coordinates": [[[12.29595, 48.44941], [12.35002, 48.44926], [12.35026, 48.48523], [12.29615, 48.48538], [12.29595, 48.44941]]]}}, {"type": "Feature", "properties": {"d0": 0.0102, "d1": 0.0074, "d2": 0.0051, "d3": 0.0042, "d4": 0.0048, "d5": 0.0048, "d6": 0.0046, "d7": 0.0042, "d8": 0.0035, "d9": 0.0028, "d10": 0.0023, "d11": 0.0022, "d12": 0.0023, "d13": 0.0025, "w0": 6.4, "w1": 5.8, "w2": 5.2, "w3": 4.6, "w4": 4.1, "w5": 3.7, "w6": 3.3, "w7": 3.0, "w8": 2.6, "w9": 2.3, "w10": 2.5, "w11": 5.1, "w12": 20.7, "w13": 32.0}, "geometry": {"type": "Polygon", "coordinates": [[[12.35002, 48.44926], [12.40409, 48.44908], [12.40437, 48.48505], [12.35026, 48.48523], [12.35002, 48.44926]]]}}, {"type": "Feature", "properties": {"d0": 0.0001, "d1": 0.0, "d2": 0.0, "d3": 0.0, "d4": 0.0, "d5": 0.0, "d6": 0.0, "d7": 0.0, "d8": 0.0, "d9": 0.0, "d10": 0.0, "d11": 0.0, "d12": 0.0001, "d13": 0.0002, "w0": 6.0, "w1": 5.4, "w2": 4.9, "w3": 4.3, "w4": 3.8, "w5": 3.4, "w6": 3.1, "w7": 2.7, "w8": 2.4, "w9": 2.1, "w10": 2.7, "w11": 6.2, "w12": 21.9, "w13": 32.6}, "geometry": {"type": "Polygon", "coordinates": [[[12.40409, 48.44908], [12.45816, 48.44888], [12.45848, 48.48485], [12.40437, 48.48505], [12.40409, 48.44908]]]}}, {"type": "Feature", "properties": {"d0": 0.0, "d1": 0.0, "d2": 0.0, "d3": 0.0, "d4": 0.0, "d5": 0.0, "d6": 0.0, "d7": 0.0, "d8": 0.0, "d9": 0.0001, "d10": 0.0001, "d11": 0.0001, "d12": 0.0001, "d13": 0.0001, "w0": 4.1, "w1": 3.8, "w2": 3.4, "w3": 3.0, "w4": 2.7, "w5": 2.4, "w6": 2.2, "w7": 1.9, "w8": 1.7, "w9": 1.5, "w10": 2.6, "w11": 6.3, "w12": 20.9, "w13": 30.9}, "geometry": {"type": "Polygon", "coordinates": [[[12.45816, 48.44888], [12.51223, 48.44865], [12.51259, 48.48462], [12.45848, 48.48485], [12.45816, 48.44888]]]}}, {"type": "Feature", "properties": {"d0": 0.0, "d1": 0.0, "d2": 0.0, "d3": 0.0, "d4": 0.0, "d5": 0.0, "d6": 0.0, "d7": 0.0001, "d8": 0.0001, "d9": 0.0002, "d10": 0.0001, "d11": 0.0001, "d12": 0.0001, "d13": 0.0001, "w0": 3.2, "w1": 2.9, "w2": 2.7, "w3": 2.4, "w4": 2.1, "w5": 1.9, "w6": 1.7, "w7": 1.6, "w8": 1.4, "w9": 1.3, "w10": 2.5, "w11": 6.0, "w12": 19.5, "w13": 29.2}, "geometry": {"type": "Polygon", "coordinates": [[[12.51223, 48.44865], [12.5663, 48.44839], [12.5667, 48.48436], [12.51259, 48.48462], [12.51223, 48.44865]]]}}, {"type": "Feature", "properties": {"d0": 0.0, "d1": 0.0, "d2": 0.0, "d3": 0.0, "d4": 0.0, "d5": 0.0, "d6": 0.0, "d7": 0.0, "d8": 0.0, "d9": 0.0, "d10": 0.0, "d11": 0.0, "d12": 0.0, "d13": 0.0, "w0": 2.0, "w1": 1.8, "w2": 1.6, "w3": 1.4, "w4": 1.3, "w5": 1.1, "w6": 1.0, "w7": 0.9, "w8": 0.8, "w9": 0.7, "w10": 2.8, "w11": 6.6, "w12": 20.9, "w13": 31.1}, "geometry": {"type": "Polygon", "coordinates": [[[12.5663, 48.44839], [12.62036, 48.44812], [12.6208, 48.48408], [12.5667, 48.48436], [12.5663, 48.44839]]]}}, {"type": "Feature", "properties": {"d0": 0.0, "d1": 0.0, "d2": 0.0, "d3": 0.0, "d4": 0.0, "d5": 0.0, "d6": 0.0, "d7": 0.0, "d8": 0.0, "d9": 0.0, "d10": 0.0, "d11": 0.0, "d12": 0.0, "d13": 0.0, "w0": 3.5, "w1": 3.3, "w2": 2.9, "w3": 2.5, "w4": 2.2, "w5": 1.9, "w6": 1.7, "w7": 1.5, "w8": 1.3, "w9": 1.1, "w10": 2.9, "w11": 6.3, "w12": 20.5, "w13": 30.8}, "geometry": {"type": "Polygon", "coordinates": [[[12.62036, 48.44812], [12.67443, 48.44781], [12.67491, 48.48378], [12.6208, 48.48408], [12.62036, 48.44812]]]}}, {"type": "Feature", "properties": {"d0": 0.0, "d1": 0.0, "d2": 0.0, "d3": 0.0, "d4": 0.0, "d5": 0.0, "d6": 0.0, "d7": 0.0, "d8": 0.0, "d9": 0.0, "d10": 0.0, "d11": 0.0, "d12": 0.0, "d13": 0.0, "w0": 5.5, "w1": 5.1, "w2": 4.5, "w3": 3.9, "w4": 3.4, "w5": 2.9, "w6": 2.6, "w7": 2.3, "w8": 2.0, "w9": 1.7, "w10": 3.2, "w11": 6.6, "w12": 20.9, "w13": 31.3}, "geometry": {"type": "Polygon", "coordinates": [[[12.67443, 48.44781], [12.7285, 48.44748], [12.72901, 48.48345], [12.67491, 48.48378], [12.67443, 48.44781]]]}}, {"type": "Feature", "properties": {"d0": 0.0, "d1": 0.0, "d2": 0.0001, "d3": 0.0001, "d4": 0.0002, "d5": 0.0003, "d6": 0.0003, "d7": 0.0003, "d8": 0.0003, "d9": 0.0003, "d10": 0.0003, "d11": 0.0003, "d12": 0.0002, "d13": 0.0002, "w0": 26.6, "w1": 24.2, "w2": 21.4, "w3": 18.5, "w4": 16.0, "w5": 13.9, "w6": 12.2, "w7": 10.6, "w8": 9.2, "w9": 7.9, "w10": 6.8, "w11": 11.3, "w12": 26.7, "w13": 34.6}, "geometry": {"type": "Polygon", "coordinates": [[[11.4304, 48.48436], [11.4845, 48.48461], [11.48414, 48.52058], [11.42999, 48.52033], [11.4304, 48.48436]]]}}, {"type": "Feature", "properties": {"d0": 0.0004, "d1": 0.0005, "d2": 0.0005, "d3": 0.0006, "d4": 0.0006, "d5": 0.0006, "d6": 0.0006, "d7": 0.0005, "d8": 0.0005, "d9": 0.0004, "d10": 0.0004, "d11": 0.0003, "d12": 0.0003, "d13": 0.0003, "w0": 17.5, "w1": 15.7, "w2": 13.8, "w3": 11.8, "w4": 10.1, "w5": 8.8, "w6": 7.7, "w7": 6.6, "w8": 5.7, "w9": 4.9, "w10": 4.2, "w11": 7.5, "w12": 22.2, "w13": 30.6}, "geometry": {"type": "Polygon", "coordinates": [[[11.4845, 48.48461], [11.53861, 48.48484], [11.53829, 48.52081], [11.48414, 48.52058], [11.4845, 48.48461]]]}}, {"type": "Feature", "properties": {"d0": 0.002, "d1": 0.0021, "d2": 0.0022, "d3": 0.0023, "d4": 0.0024, "d5": 0.0024, "d6": 0.0023, "d7": 0.0022, "d8": 0.0019, "d9": 0.0017, "d10": 0.0015, "d11": 0.0013, "d12": 0.0011, "d13": 0.0009, "w0": 14.4, "w1": 13.3, "w2": 12.1, "w3": 10.8, "w4": 9.6, "w5": 8.6, "w6": 7.8, "w7": 7.0, "w8": 6.3, "w9": 5.6, "w10": 5.0, "w11": 6.4, "w12": 18.8, "w13": 27.1}, "geometry": {"type": "Polygon", "coordinates": [[[11.53861, 48.48484], [11.59272, 48.48504], [11.59243, 48.52101], [11.53829, 48.52081], [11.53861, 48.48484]]]}}, {"type": "Feature", "properties": {"d0": 0.0083, "d1": 0.0086, "d2": 0.0088, "d3": 0.0089, "d4": 0.0088, "d5": 0.0085, "d6": 0.0081, "d7": 0.0074, "d8": 0.0064, "d9": 0.0054, "d10": 0.0046, "d11": 0.0038, "d12": 0.0031, "d13": 0.0026, "w0": 13.2, "w1": 12.1, "w2": 11.0, "w3": 9.8, "w4": 8.7, "w5": 7.8, "w6": 7.1, "w7": 6.4, "w8": 5.7, "w9": 5.1, "w10": 4.5, "w11": 5.2, "w12": 17.7, "w13": 27.0}, "geometry": {"type": "Polygon", "coordinates": [[[11.59272, 48.48504], [11.64683, 48.48522], [11.64658, 48.52119], [11.59243, 48.52101], [11.59272, 48.48504]]]}}, {"type": "Feature", "properties": {"d0": 0.0, "d1": 0.0, "d2": 0.0, "d3": 0.0072, "d4": 0.0079, "d5": 0.0082, "d6": 0.0083, "d7": 0.0079, "d8": 0.0072, "d9": 0.0064, "d10": 0.0056, "d11": 0.0047, "d12": 0.0041, "d13": 0.0036, "w0": 13.0, "w1": 12.0, "w2": 11.0, "w3": 9.8, "w4": 8.8, "w5": 8.0, "w6": 7.3, "w7": 6.7, "w8": 6.0, "w9": 5.4, "w10": 4.9, "w11": 4.8, "w12": 17.7, "w13": 28.1}, "geometry": {"type": "Polygon", "coordinates": [[[11.64683, 48.48522], [11.70094, 48.48538], [11.70073, 48.52135], [11.64658, 48.52119], [11.64683, 48.48522]]]}}, {"type": "Feature", "properties": {"d0": 0.0032, "d1": 0.0032, "d2": 0.0033, "d3": 0.0034, "d4": 0.0036, "d5": 0.0038, "d6": 0.0039, "d7": 0.0038, "d8": 0.0036, "d9": 0.0033, "d10": 0.0029, "d11": 0.0025, "d12": 0.0022, "d13": 0.002, "w0": 12.6, "w1": 11.6, "w2": 10.5, "w3": 9.3, "w4": 8.3, "w5": 7.4, "w6": 6.7, "w7": 6.0, "w8": 5.4, "w9": 4.8, "w10": 4.3, "w11": 4.4, "w12": 19.2, "w13": 30.8}, "geometry": {"type": "Polygon", "coordinates": [[[11.70094, 48.48538], [11.75505, 48.4855], [11.75488, 48.52147], [11.70073, 48.52135], [11.70094, 48.48538]]]}}, {"type": "Feature", "properties": {"d0": 0.0039, "d1": 0.0035, "d2": 0.0032, "d3": 0.003, "d4": 0.0028, "d5": 0.0027, "d6": 0.0027, "d7": 0.0026, "d8": 0.0025, "d9": 0.0023, "d10": 0.0021, "d11": 0.0018, "d12": 0.0017, "d13": 0.0016, "w0": 16.1, "w1": 14.8, "w2": 13.3, "w3": 11.8, "w4": 10.4, "w5": 9.3, "w6": 8.4, "w7": 7.5, "w8": 6.7, "w9": 5.9, "w10": 5.3, "w11": 5.7, "w12": 21.8, "w13": 34.1}, "geometry": {"type": "Polygon", "coordinates": [[[11.75505, 48.4855], [11.80916, 48.4856], [11.80902, 48.52158], [11.75488, 48.52147], [11.75505, 48.4855]]]}}, {"type": "Feature", "properties": {"d0": 0.0035, "d1": 0.0033, "d2": 0.003, "d3": 0.0027, "d4": 0.0024, "d5": 0.0023, "d6": 0.0023, "d7": 0.0023, "d8": 0.0024, "d9": 0.0023, "d10": 0.0022, "d11": 0.0021, "d12": 0.0021, "d13": 0.0021, "w0": 20.7, "w1": 19.0, "w2": 17.2, "w3": 15.3, "w4": 13.6, "w5": 12.2, "w6": 11.0, "w7": 9.9, "w8": 8.8, "w9": 7.8, "w10": 7.1, "w11": 7.2, "w12": 24.9, "w13": 38.7}, "geometry": {"type": "Polygon", "coordinates": [[[11.80916, 48.4856], [11.86327, 48.48568], [11.86317, 48.52165], [11.80902, 48.52158], [11.80916, 48.4856]]]}}, {"type": "Feature", "properties": {"d0": 0.0022, "d1": 0.002, "d2": 0.0018, "d3": 0.0016, "d4": 0.0014, "d5": 0.0014, "d6": 0.0014, "d7": 0.0014, "d8": 0.0015, "d9": 0.0015, "d10": 0.0014, "d11": 0.0013, "d12": 0.0012, "d13": 0.0012, "w0": 16.5, "w1": 14.9, "w2": 13.3, "w3": 11.6, "w4": 10.1, "w5": 8.9, "w6": 7.9, "w7": 7.0, "w8": 6.2, "w9": 5.4, "w10": 4.8, "w11": 6.4, "w12": 26.0, "w13": 40.0}, "geometry": {"type": "Polygon", "coordinates": [[[11.86327, 48.48568], [11.91738, 48.48573], [11.91732, 48.5217], [11.86317, 48.52165], [11.86327, 48.48568]]]}}, {"type": "Feature", "properties": {"d0": 0.0026, "d1": 0.0026, "d2": 0.0028, "d3": 0.003, "d4": 0.0031, "d5": 0.0033, "d6": 0.0038, "d7": 0.0042, "d8": 0.0046, "d9": 0.0047, "d10": 0.0047, "d11": 0.0046, "d12": 0.0045, "d13": 0.0047, "w0": 13.8, "w1": 12.6, "w2": 11.3, "w3": 10.0, "w4": 8.8, "w5": 7.9, "w6": 7.1, "w7": 6.3, "w8": 5.6, "w9": 5.0, "w10": 4.5, "w11": 7.1, "w12": 26.1, "w13": 39.1}, "geometry": {"type": "Polygon", "coordinates": [[[11.91738, 48.48573], [11.97149, 48.48576], [11.97147, 48.52173], [11.91732, 48.5217], [11.91738, 48.48573]]]}}, {"type": "Feature", "properties": {"d0": 0.0035, "d1": 0.0035, "d2": 0.004, "d3": 0.0051, "d4": 0.0061, "d5": 0.0068, "d6": 0.0074, "d7": 0.0078, "d8": 0.008, "d9": 0.0081, "d10": 0.008, "d11": 0.0078, "d12": 0.0077, "d13": 0.0078, "w0": 9.5, "w1": 8.5, "w2": 7.5, "w3": 6.5, "w4": 5.6, "w5": 4.9, "w6": 4.3, "w7": 3.8, "w8": 3.3, "w9": 2.8, "w10": 2.5, "w11": 5.9, "w12": 28.1, "w13": 42.6}, "geometry": {"type": "Polygon", "coordinates": [[[11.97149, 48.48576], [12.0256, 48.48576], [12.02562, 48.52173], [11.97147, 48.52173], [11.97149, 48.48576]]]}}, {"type": "Feature", "properties": {"d0": 0.0036, "d1": 0.0036, "d2": 0.0037, "d3": 0.0037, "d4": 0.0035, "d5": 0.0033, "d6": 0.0033, "d7": 0.0033, "d8": 0.0034, "d9": 0.0033, "d10": 0.0033, "d11": 0.0031, "d12": 0.003, "d13": 0.003, "w0": 6.9, "w1": 6.2, "w2": 5.5, "w3": 4.8, "w4": 4.2, "w5": 3.7, "w6": 3.2, "w7": 2.8, "w8": 2.5, "w9": 2.1, "w10": 2.0, "w11": 4.5, "w12": 24.1, "w13": 37.6}, "geometry": {"type": "Polygon", "coordinates": [[[12.0256, 48.48576], [12.07971, 48.48573], [12.07977, 48.52171], [12.02562, 48.52173], [12.0256, 48.48576]]]}}, {"type": "Feature", "properties": {"d0": 0.0022, "d1": 0.0022, "d2": 0.0021, "d3": 0.002, "d4": 0.0018, "d5": 0.0015, "d6": 0.0013, "d7": 0.0012, "d8": 0.0011, "d9": 0.001, "d10": 0.001, "d11": 0.0009, "d12": 0.001, "d13": 0.001, "w0": 7.6, "w1": 7.0, "w2": 6.4, "w3": 5.7, "w4": 5.1, "w5": 4.6, "w6": 4.2, "w7": 3.8, "w8": 3.4, "w9": 3.0, "w10": 2.9, "w11": 4.1, "w12": 18.7, "w13": 29.9}, "geometry": {"type": "Polygon", "coordinates": [[[12.07971, 48.48573], [12.13382, 48.48568], [12.13392, 48.52165], [12.07977, 48.52171], [12.07971, 48.48573]]]}}, {"type": "Feature", "properties": {"d0": 0.0013, "d1": 0.0012, "d2": 0.0011, "d3": 0.001, "d4": 0.0009, "d5": 0.0007, "d6": 0.0006, "d7": 0.0004, "d8": 0.0004, "d9": 0.0003, "d10": 0.0002, "d11": 0.0002, "d12": 0.0002, "d13": 0.0002, "w0": 6.9, "w1": 6.3, "w2": 5.7, "w3": 5.1, "w4": 4.6, "w5": 4.1, "w6": 3.8, "w7": 3.4, "w8": 3.0, "w9": 2.7, "w10": 2.8, "w11": 3.7, "w12": 16.9, "w13": 27.4}, "geometry": {"type": "Polygon", "coordinates": [[[12.13382, 48.48568], [12.18793, 48.48561], [12.18807, 48.52158], [12.13392, 48.52165], [12.13382, 48.48568]]]}}, {"type": "Feature", "properties": {"d0": 0.0026, "d1": 0.0023, "d2": 0.002, "d3": 0.0018, "d4": 0.0016, "d5": 0.0013, "d6": 0.0011, "d7": 0.0009, "d8": 0.0007, "d9": 0.0006, "d10": 0.0004, "d11": 0.0004, "d12": 0.0003, "d13": 0.0003, "w0": 6.9, "w1": 6.3, "w2": 5.6, "w3": 5.0, "w4": 4.4, "w5": 3.9, "w6": 3.5, "w7": 3.1, "w8": 2.8, "w9": 2.5, "w10": 2.6, "w11": 3.6, "w12": 18.2, "w13": 29.8}, "geometry": {"type": "Polygon", "coordinates": [[[12.18793, 48.48561], [12.24204, 48.48551], [12.24222, 48.52148], [12.18807, 48.52158], [12.18793, 48.48561]]]}}, {"type": "Feature", "properties": {"d0": 0.0066, "d1": 0.006, "d2": 0.0054, "d3": 0.0049, "d4": 0.0043, "d5": 0.0038, "d6": 0.0033, "d7": 0.0028, "d8": 0.0024, "d9": 0.0019, "d10": 0.0015, "d11": 0.0012, "d12": 0.001, "d13": 0.0009, "w0": 8.2, "w1": 7.5, "w2": 6.7, "w3": 5.9, "w4": 5.2, "w5": 4.6, "w6": 4.1, "w7": 3.7, "w8": 3.2, "w9": 2.8, "w10": 3.0, "w11": 4.4, "w12": 19.2, "w13": 30.9}, "geometry": {"type": "Polygon", "coordinates": [[[12.24204, 48.48551], [12.29615, 48.48538], [12.29636, 48.52135], [12.24222, 48.52148], [12.24204, 48.48551]]]}}, {"type": "Feature", "properties": {"d0": 0.0089, "d1": 0.0088, "d2": 0.0086, "d3": 0.0084, "d4": 0.008, "d5": 0.0074, "d6": 0.0068, "d7": 0.0062, "d8": 0.0055, "d9": 0.0047, "d10": 0.0039, "d11": 0.0034, "d12": 0.003, "d13": 0.0028, "w0": 11.0, "w1": 10.1, "w2": 9.1, "w3": 8.0, "w4": 7.1, "w5": 6.3, "w6": 5.7, "w7": 5.0, "w8": 4.5, "w9": 3.9, "w10": 4.0, "w11": 5.5, "w12": 19.7, "w13": 31.0}, "geometry": {"type": "Polygon", "coordinates": [[[12.29615, 48.48538], [12.35026, 48.48523], [12.35051, 48.5212], [12.29636, 48.52135], [12.29615, 48.48538]]]}}, {"type": "Feature", "properties": {"d0": 0.0027, "d1": 0.0016, "d2": 0.0012, "d3": 0.0076, "d4": 0.0079, "d5": 0.0076, "d6": 0.0071, "d7": 0.0066, "d8": 0.0058, "d9": 0.0049, "d10": 0.0042, "d11": 0.0039, "d12": 0.0038, "d13": 0.0037, "w0": 13.8, "w1": 12.7, "w2": 11.6, "w3": 10.4, "w4": 9.3, "w5": 8.5, "w6": 7.7, "w7": 6.9, "w8": 6.2, "w9": 5.6, "w10": 5.8, "w11": 7.5, "w12": 19.6, "w13": 28.9}, "geometry": {"type": "Polygon", "coordinates": [[[12.35026, 48.48523], [12.40437, 48.48505], [12.40466, 48.52102], [12.35051, 48.5212], [12.35026, 48.48523]]]}}, {"type": "Feature", "properties": {"d0": 0.0, "d1": 0.0, "d2": 0.0, "d3": 0.0, "d4": 0.0, "d5": 0.0011, "d6": 0.0014, "d7": 0.0015, "d8": 0.0014, "d9": 0.0013, "d10": 0.0012, "d11": 0.0011, "d12": 0.0011, "d13": 0.001, "w0": 9.3, "w1": 8.5, "w2": 7.6, "w3": 6.7, "w4": 5.9, "w5": 5.3, "w6": 4.7, "w7": 4.2, "w8": 3.7, "w9": 3.2, "w10": 4.1, "w11": 6.6, "w12": 19.7, "w13": 29.4}, "geometry": {"type": "Polygon", "coordinates": [[[12.40437, 48.48505], [12.45848, 48.48485], [12.45881, 48.52082], [12.40466, 48.52102], [12.40437, 48.48505]]]}}, {"type": "Feature", "properties": {"d0": 0.0, "d1": 0.0, "d2": 0.0, "d3": 0.0, "d4": 0.0, "d5": 0.0001, "d6": 0.0005, "d7": 0.0007, "d8": 0.0008, "d9": 0.0008, "d10": 0.0008, "d11": 0.0008, "d12": 0.0008, "d13": 0.0008, "w0": 8.4, "w1": 7.8, "w2": 7.2, "w3": 6.5, "w4": 5.9, "w5": 5.4, "w6": 4.9, "w7": 4.4, "w8": 4.0, "w9": 3.6, "w10": 4.2, "w11": 6.6, "w12": 18.4, "w13": 27.5}, "geometry": {"type": "Polygon", "coordinates": [[[12.45848, 48.48485], [12.51259, 48.48462], [12.51295, 48.52059], [12.45881, 48.52082], [12.45848, 48.48485]]]}}, {"type": "Feature", "properties": {"d0": 0.0, "d1": 0.0, "d2": 0.0, "d3": 0.0, "d4": 0.0001, "d5": 0.0002, "d6": 0.0003, "d7": 0.0004, "d8": 0.0004, "d9": 0.0004, "d10": 0.0003, "d11": 0.0003, "d12": 0.0003, "d13": 0.0002, "w0": 4.4, "w1": 4.0, "w2": 3.7, "w3": 3.3, "w4": 3.0, "w5": 2.7, "w6": 2.5, "w7": 2.3, "w8": 2.0, "w9": 1.8, "w10": 3.1, "w11": 5.6, "w12": 17.6, "w13": 27.1}, "geometry": {"type": "Polygon", "coordinates": [[[12.51259, 48.48462], [12.5667, 48.48436], [12.5671, 48.52033], [12.51295, 48.52059], [12.51259, 48.48462]]]}}, {"type": "Feature", "properties": {"d0": 0.0, "d1": 0.0, "d2": 0.0001, "d3": 0.0001, "d4": 0.0002, "d5": 0.0002, "d6": 0.0002, "d7": 0.0002, "d8": 0.0002, "d9": 0.0001, "d10": 0.0001, "d11": 0.0001, "d12": 0.0001, "d13": 0.0001, "w0": 3.0, "w1": 2.8, "w2": 2.5, "w3": 2.2, "w4": 2.0, "w5": 1.8, "w6": 1.6, "w7": 1.4, "w8": 1.3, "w9": 1.1, "w10": 2.9, "w11": 5.6, "w12": 18.3, "w13": 28.3}, "geometry": {"type": "Polygon", "coordinates": [[[12.5667, 48.48436], [12.6208, 48.48408], [12.62124, 48.52005], [12.5671, 48.52033], [12.5667, 48.48436]]]}}, {"type": "Feature", "properties": {"d0": 0.0002, "d1": 0.0003, "d2": 0.0003, "d3": 0.0003, "d4": 0.0003, "d5": 0.0003, "d6": 0.0002, "d7": 0.0002, "d8": 0.0001, "d9": 0.0001, "d10": 0.0001, "d11": 0.0, "d12": 0.0, "d13": 0.0, "w0": 4.5, "w1": 4.1, "w2": 3.7, "w3": 3.2, "w4": 2.8, "w5": 2.5, "w6": 2.2, "w7": 2.0, "w8": 1.7, "w9": 1.5, "w10": 3.2, "w11": 5.9, "w12": 18.5, "w13": 28.5}, "geometry": {"type": "Polygon", "coordinates": [[[12.6208, 48.48408], [12.67491, 48.48378], [12.67539, 48.51975], [12.62124, 48.52005], [12.6208, 48.48408]]]}}, {"type": "Feature", "properties": {"d0": 0.0, "d1": 0.0, "d2": 0.0, "d3": 0.0, "d4": 0.0, "d5": 0.0, "d6": 0.0, "d7": 0.0, "d8": 0.0, "d9": 0.0, "d10": 0.0, "d11": 0.0, "d12": 0.0, "d13": 0.0, "w0": 6.5, "w1": 6.0, "w2": 5.4, "w3": 4.7, "w4": 4.1, "w5": 3.7, "w6": 3.3, "w7": 2.9, "w8": 2.6, "w9": 2.2, "w10": 3.8, "w11": 6.7, "w12": 19.2, "w13": 29.1}, "geometry": {"type": "Polygon", "coordinates": [[[12.67491, 48.48378], [12.72901, 48.48345], [12.72953, 48.51942], [12.67539, 48.51975], [12.67491, 48.48378]]]}}, {"type": "Feature", "properties": {"d0": 0.0002, "d1": 0.0003, "d2": 0.0005, "d3": 0.0007, "d4": 0.0009, "d5": 0.001, "d6": 0.0012, "d7": 0.0013, "d8": 0.0013, "d9": 0.0013, "d10": 0.0013, "d11": 0.0013, "d12": 0.0013, "d13": 0.0013, "w0": 17.7, "w1": 16.5, "w2": 15.1, "w3": 13.5, "w4": 12.0, "w5": 10.8, "w6": 9.7, "w7": 8.7, "w8": 7.8, "w9": 6.9, "w10": 6.2, "w11": 9.4, "w12": 22.8, "w13": 30.3}, "geometry": {"type": "Polygon", "coordinates": [[[11.42999, 48.52033], [11.48414, 48.52058], [11.48377, 48.55655], [11.42959, 48.55629], [11.42999, 48.52033]]]}}, {"type": "Feature", "properties": {"d0": 0.0031, "d1": 0.0032, "d2": 0.0032, "d3": 0.0032, "d4": 0.0031, "d5": 0.0029, "d6": 0.0027, "d7": 0.0023, "d8": 0.002, "d9": 0.0017, "d10": 0.0014, "d11": 0.0011, "d12": 0.0009, "d13": 0.0007, "w0": 17.4, "w1": 15.6, "w2": 13.7, "w3": 11.6, "w4": 9.8, "w5": 8.4, "w6": 7.3, "w7": 6.2, "w8": 5.3, "w9": 4.5, "w10": 3.9, "w11": 7.3, "w12": 21.4, "w13": 29.5}, "geometry": {"type": "Polygon", "coordinates": [[[11.48414, 48.52058], [11.53829, 48.52081], [11.53796, 48.55678], [11.48377, 48.55655], [11.48414, 48.52058]]]}}, {"type": "Feature", "properties": {"d0": 0.0016, "d1": 0.0028, "d2": 0.0033, "d3": 0.0037, "d4": 0.004, "d5": 0.0041, "d6": 0.0041, "d7": 0.0039, "d8": 0.0036, "d9": 0.0032, "d10": 0.0029, "d11": 0.0025, "d12": 0.0021, "d13": 0.0019, "w0": 14.6, "w1": 13.5, "w2": 12.4, "w3": 11.1, "w4": 9.9, "w5": 8.9, "w6": 8.0, "w7": 7.2, "w8": 6.5, "w9": 5.8, "w10": 5.2, "w11": 6.3, "w12": 18.7, "w13": 27.5}, "geometry": {"type": "Polygon", "coordinates": [[[11.53829, 48.52081], [11.59243, 48.52101], [11.59214, 48.55698], [11.53796, 48.55678], [11.53829, 48.52081]]]}}, {"type": "Feature", "properties": {"d0": 0.0, "d1": 0.0, "d2": 0.0, "d3": 0.0058, "d4": 0.0062, "d5": 0.0063, "d6": 0.0063, "d7": 0.006, "d8": 0.0054, "d9": 0.0048, "d10": 0.0042, "d11": 0.0036, "d12": 0.0031, "d13": 0.0027, "w0": 14.0, "w1": 13.0, "w2": 11.8, "w3": 10.6, "w4": 9.4, "w5": 8.5, "w6": 7.7, "w7": 7.0, "w8": 6.2, "w9": 5.5, "w10": 5.0, "w11": 5.1, "w12": 18.0, "w13": 28.1}, "geometry": {"type": "Polygon", "coordinates": [[[11.59243, 48.52101], [11.64658, 48.52119], [11.64633, 48.55716], [11.59214, 48.55698], [11.59243, 48.52101]]]}}, {"type": "Feature", "properties": {"d0": 0.0, "d1": 0.0, "d2": 0.0, "d3": 0.0064, "d4": 0.007, "d5": 0.0072, "d6": 0.0072, "d7": 0.0068, "d8": 0.0062, "d9": 0.0054, "d10": 0.0047, "d11": 0.004, "d12": 0.0034, "d13": 0.003, "w0": 14.0, "w1": 12.9, "w2": 11.7, "w3": 10.5, "w4": 9.3, "w5": 8.4, "w6": 7.6, "w7": 6.8, "w8": 6.1, "w9": 5.4, "w10": 4.9, "w11": 4.7, "w12": 18.2, "w13": 29.3}, "geometry": {"type": "Polygon", "coordinates": [[[11.64658, 48.52119], [11.70073, 48.52135], [11.70052, 48.55732], [11.64633, 48.55716], [11.64658, 48.52119]]]}}, {"type": "Feature", "properties": {"d0": 0.0, "d1": 0.0, "d2": 0.0, "d3": 0.0019, "d4": 0.0025, "d5": 0.003, "d6": 0.0032, "d7": 0.0032, "d8": 0.003, "d9": 0.0028, "d10": 0.0024, "d11": 0.0021, "d12": 0.0019, "d13": 0.0018, "w0": 14.4, "w1": 13.2, "w2": 11.9, "w3": 10.5, "w4": 9.3, "w5": 8.3, "w6": 7.5, "w7": 6.7, "w8": 5.9, "w9": 5.2, "w10": 4.7, "w11": 4.5, "w12": 19.3, "w13": 31.6}, "geometry": {"type": "Polygon", "coordinates": [[[11.70073, 48.52135], [11.75488, 48.52147], [11.7547, 48.55744], [11.70052, 48.55732], [11.70073, 48.52135]]]}}, {"type": "Feature", "properties": {"d0": 0.0017, "d1": 0.0015, "d2": 0.0015, "d3": 0.0017, "d4": 0.0019, "d5": 0.0023, "d6": 0.0026, "d7": 0.0027, "d8": 0.0027, "d9": 0.0025, "d10": 0.0023, "d11": 0.0021, "d12": 0.002, "d13": 0.0019, "w0": 17.9, "w1": 16.3, "w2": 14.7, "w3": 13.0, "w4": 11.5, "w5": 10.3, "w6": 9.2, "w7": 8.3, "w8": 7.3, "w9": 6.5, "w10": 5.8, "w11": 5.5, "w12": 21.3, "w13": 34.3}, "geometry": {"type": "Polygon", "coordinates": [[[11.75488, 48.52147], [11.80902, 48.52158], [11.80889, 48.55755], [11.7547, 48.55744], [11.75488, 48.52147]]]}}, {"type": "Feature", "properties": {"d0": 0.0037, "d1": 0.0034, "d2": 0.0031, "d3": 0.0028, "d4": 0.0026, "d5": 0.0026, "d6": 0.0027, "d7": 0.0028, "d8": 0.0028, "d9": 0.0027, "d10": 0.0025, "d11": 0.0024, "d12": 0.0023, "d13": 0.0023, "w0": 21.7, "w1": 19.8, "w2": 17.8, "w3": 15.8, "w4": 13.9, "w5": 12.4, "w6": 11.1, "w7": 9.9, "w8": 8.8, "w9": 7.8, "w10": 7.0, "w11": 6.6, "w12": 24.5, "w13": 39.2}, "geometry": {"type": "Polygon", "coordinates": [[[11.80902, 48.52158], [11.86317, 48.52165], [11.86308, 48.55762], [11.80889, 48.55755], [11.80902, 48.52158]]]}}, {"type": "Feature", "properties": {"d0": 0.002, "d1": 0.0019, "d2": 0.0017, "d3": 0.0016, "d4": 0.0015, "d5": 0.0015, "d6": 0.0016, "d7": 0.0017, "d8": 0.0017, "d9": 0.0017, "d10": 0.0016, "d11": 0.0015, "d12": 0.0014, "d13": 0.0014, "w0": 18.1, "w1": 16.5, "w2": 14.8, "w3": 13.0, "w4": 11.5, "w5": 10.2, "w6": 9.1, "w7": 8.1, "w8": 7.2, "w9": 6.3, "w10": 5.7, "w11": 6.2, "w12": 24.7, "w13": 39.0}, "geometry": {"type": "Polygon", "coordinates": [[[11.86317, 48.52165], [11.91732, 48.5217], [11.91726, 48.55767], [11.86308, 48.55762], [11.86317, 48.52165]]]}}, {"type": "Feature", "properties": {"d0": 0.0011, "d1": 0.001, "d2": 0.0009, "d3": 0.0009, "d4": 0.0009, "d5": 0.0009, "d6": 0.001, "d7": 0.001, "d8": 0.001, "d9": 0.0011, "d10": 0.001, "d11": 0.0009, "d12": 0.0008, "d13": 0.0008, "w0": 15.6, "w1": 14.2, "w2": 12.8, "w3": 11.4, "w4": 10.0, "w5": 9.0, "w6": 8.1, "w7": 7.2, "w8": 6.4, "w9": 5.7, "w10": 5.4, "w11": 7.2, "w12": 26.0, "w13": 39.8}, "geometry": {"type": "Polygon", "coordinates": [[[11.91732, 48.5217], [11.97147, 48.52173], [11.97145, 48.5577], [11.91726, 48.55767], [11.91732, 48.5217]]]}}, {"type": "Feature", "properties": {"d0": 0.0013, "d1": 0.0013, "d2": 0.0013, "d3": 0.0013, "d4": 0.0012, "d5": 0.0012, "d6": 0.0012, "d7": 0.0013, "d8": 0.0013, "d9": 0.0013, "d10": 0.0012, "d11": 0.0011, "d12": 0.001, "d13": 0.0009, "w0": 11.8, "w1": 10.7, "w2": 9.5, "w3": 8.4, "w4": 7.3, "w5": 6.5, "w6": 5.8, "w7": 5.1, "w8": 4.5, "w9": 3.9, "w10": 3.9, "w11": 6.5, "w12": 26.2, "w13": 40.2}, "geometry": {"type": "Polygon", "coordinates": [[[11.97147, 48.52173], [12.02562, 48.52173], [12.02564, 48.5577], [11.97145, 48.5577], [11.97147, 48.52173]]]}}, {"type": "Feature", "properties": {"d0": 0.0012, "d1": 0.0013, "d2": 0.0015, "d3": 0.0016, "d4": 0.0016, "d5": 0.0016, "d6": 0.0016, "d7": 0.0016, "d8": 0.0016, "d9": 0.0016, "d10": 0.0016, "d11": 0.0015, "d12": 0.0014, "d13": 0.0013, "w0": 7.4, "w1": 6.7, "w2": 5.9, "w3": 5.1, "w4": 4.5, "w5": 3.9, "w6": 3.5, "w7": 3.1, "w8": 2.7, "w9": 2.3, "w10": 2.7, "w11": 5.0, "w12": 23.4, "w13": 36.8}, "geometry": {"type": "Polygon", "coordinates": [[[12.02562, 48.52173], [12.07977, 48.52171], [12.07983, 48.55768], [12.02564, 48.5577], [12.02562, 48.52173]]]}}, {"type": "Feature", "properties": {"d0": 0.0004, "d1": 0.0005, "d2": 0.0006, "d3": 0.0006, "d4": 0.0006, "d5": 0.0006, "d6": 0.0005, "d7": 0.0005, "d8": 0.0005, "d9": 0.0005, "d10": 0.0004, "d11": 0.0004, "d12": 0.0003, "d13": 0.0003, "w0": 3.7, "w1": 3.2, "w2": 2.7, "w3": 2.2, "w4": 1.8, "w5": 1.5, "w6": 1.3, "w7": 1.1, "w8": 0.9, "w9": 0.7, "w10": 1.8, "w11": 4.1, "w12": 24.0, "w13": 38.2}, "geometry": {"type": "Polygon", "coordinates": [[[12.07977, 48.52171], [12.13392, 48.52165], [12.13401, 48.55763], [12.07983, 48.55768], [12.07977, 48.52171]]]}}, {"type": "Feature", "properties": {"d0": 0.0007, "d1": 0.0006, "d2": 0.0006, "d3": 0.0005, "d4": 0.0004, "d5": 0.0003, "d6": 0.0002, "d7": 0.0002, "d8": 0.0001, "d9": 0.0001, "d10": 0.0001, "d11": 0.0001, "d12": 0.0001, "d13": 0.0001, "w0": 4.3, "w1": 3.7, "w2": 3.1, "w3": 2.6, "w4": 2.1, "w5": 1.8, "w6": 1.5, "w7": 1.3, "w8": 1.1, "w9": 0.9, "w10": 2.8, "w11": 5.0, "w12": 22.9, "w13": 35.7}, "geometry": {"type": "Polygon", "coordinates": [[[12.13392, 48.52165], [12.18807, 48.52158], [12.1882, 48.55755], [12.13401, 48.55763], [12.13392, 48.52165]]]}}, {"type": "Feature", "properties": {"d0": 0.0014, "d1": 0.0013, "d2": 0.0012, "d3": 0.0011, "d4": 0.001, "d5": 0.0008, "d6": 0.0007, "d7": 0.0006, "d8": 0.0006, "d9": 0.0005, "d10": 0.0004, "d11": 0.0003, "d12": 0.0003, "d13": 0.0003, "w0": 8.3, "w1": 7.6, "w2": 6.9, "w3": 6.1, "w4": 5.5, "w5": 4.9, "w6": 4.4, "w7": 4.0, "w8": 3.6, "w9": 3.2, "w10": 3.7, "w11": 4.9, "w12": 17.2, "w13": 27.6}, "geometry": {"type": "Polygon", "coordinates": [[[12.18807, 48.52158], [12.24222, 48.52148], [12.24239, 48.55745], [12.1882, 48.55755], [12.18807, 48.52158]]]}}, {"type": "Feature", "properties": {"d0": 0.003, "d1": 0.0027, "d2": 0.0026, "d3": 0.0024, "d4": 0.0021, "d5": 0.0019, "d6": 0.0016, "d7": 0.0014, "d8": 0.0011, "d9": 0.0009, "d10": 0.0007, "d11": 0.0005, "d12": 0.0005, "d13": 0.0004, "w0": 11.8, "w1": 10.8, "w2": 9.8, "w3": 8.7, "w4": 7.7, "w5": 6.9, "w6": 6.2, "w7": 5.6, "w8": 5.0, "w9": 4.4, "w10": 5.2, "w11": 6.7, "w12": 18.7, "w13": 28.4}, "geometry": {"type": "Polygon", "coordinates": [[[12.24222, 48.52148], [12.29636, 48.52135], [12.29658, 48.55732], [12.24239, 48.55745], [12.24222, 48.52148]]]}}, {"type": "Feature", "properties": {"d0": 0.0059, "d1": 0.006, "d2": 0.0061, "d3": 0.006, "d4": 0.0059, "d5": 0.0056, "d6": 0.0053, "d7": 0.0049, "d8": 0.0044, "d9": 0.0037, "d10": 0.0031, "d11": 0.0026, "d12": 0.0023, "d13": 0.0021, "w0": 19.1, "w1": 17.7, "w2": 16.1, "w3": 14.4, "w4": 12.8, "w5": 11.5, "w6": 10.4, "w7": 9.4, "w8": 8.4, "w9": 7.4, "w10": 7.6, "w11": 9.1, "w12": 21.0, "w13": 30.8}, "geometry": {"type": "Polygon", "coordinates": [[[12.29636, 48.52135], [12.35051, 48.5212], [12.35076, 48.55717], [12.29658, 48.55732], [12.29636, 48.52135]]]}}, {"type": "Feature", "properties": {"d0": 0.005, "d1": 0.0056, "d2": 0.0061, "d3": 0.0063, "d4": 0.0063, "d5": 0.0061, "d6": 0.0059, "d7": 0.0056, "d8": 0.005, "d9": 0.0042, "d10": 0.0035, "d11": 0.003, "d12": 0.0026, "d13": 0.0024, "w0": 22.8, "w1": 21.0, "w2": 19.0, "w3": 16.9, "w4": 15.0, "w5": 13.4, "w6": 12.1, "w7": 10.8, "w8": 9.6, "w9": 8.5, "w10": 8.7, "w11": 10.5, "w12": 22.4, "w13": 31.6}, "geometry": {"type": "Polygon", "coordinates": [[[12.35051, 48.5212], [12.40466, 48.52102], [12.40495, 48.55699], [12.35076, 48.55717], [12.35051, 48.5212]]]}}, {"type": "Feature", "properties": {"d0": 0.0, "d1": 0.0, "d2": 0.0, "d3": 0.0, "d4": 0.0042, "d5": 0.0042, "d6": 0.0042, "d7": 0.004, "d8": 0.0038, "d9": 0.0034, "d10": 0.0031, "d11": 0.0028, "d12": 0.0026, "d13": 0.0024, "w0": 16.4, "w1": 15.1, "w2": 13.7, "w3": 12.2, "w4": 10.9, "w5": 9.9, "w6": 8.9, "w7": 8.0, "w8": 7.2, "w9": 6.4, "w10": 7.1, "w11": 9.0, "w12": 19.5, "w13": 27.9}, "geometry": {"type": "Polygon", "coordinates": [[[12.40466, 48.52102], [12.45881, 48.52082], [12.45913, 48.55679], [12.40495, 48.55699], [12.40466, 48.52102]]]}}, {"type": "Feature", "properties": {"d0": 0.0, "d1": 0.0, "d2": 0.0, "d3": 0.0013, "d4": 0.0016, "d5": 0.0017, "d6": 0.0017, "d7": 0.0017, "d8": 0.0016, "d9": 0.0014, "d10": 0.0013, "d11": 0.0012, "d12": 0.001, "d13": 0.0009, "w0": 8.4, "w1": 7.7, "w2": 6.9, "w3": 6.1, "w4": 5.4, "w5": 4.9, "w6": 4.4, "w7": 3.9, "w8": 3.4, "w9": 3.0, "w10": 4.3, "w11": 6.4, "w12": 17.1, "w13": 25.8}, "geometry": {"type": "Polygon", "coordinates": [[[12.45881, 48.52082], [12.51295, 48.52059], [12.51332, 48.55656], [12.45913, 48.55679], [12.45881, 48.52082]]]}}, {"type": "Feature", "properties": {"d0": 0.0, "d1": 0.0, "d2": 0.0002, "d3": 0.0004, "d4": 0.0004, "d5": 0.0004, "d6": 0.0004, "d7": 0.0003, "d8": 0.0003, "d9": 0.0002, "d10": 0.0002, "d11": 0.0001, "d12": 0.0001, "d13": 0.0001, "w0": 3.9, "w1": 3.6, "w2": 3.2, "w3": 2.8, "w4": 2.5, "w5": 2.3, "w6": 2.1, "w7": 1.8, "w8": 1.6, "w9": 1.4, "w10": 3.2, "w11": 5.3, "w12": 16.9, "w13": 26.1}, "geometry": {"type": "Polygon", "coordinates": [[[12.51295, 48.52059], [12.5671, 48.52033], [12.5675, 48.5563], [12.51332, 48.55656], [12.51295, 48.52059]]]}}, {"type": "Feature", "properties": {"d0": 0.0, "d1": 0.0002, "d2": 0.0003, "d3": 0.0004, "d4": 0.0004, "d5": 0.0004, "d6": 0.0004, "d7": 0.0004, "d8": 0.0003, "d9": 0.0003, "d10": 0.0003, "d11": 0.0002, "d12": 0.0002, "d13": 0.0002, "w0": 4.7, "w1": 4.4, "w2": 4.0, "w3": 3.6, "w4": 3.3, "w5": 3.0, "w6": 2.7, "w7": 2.5, "w8": 2.2, "w9": 2.0, "w10": 3.3, "w11": 5.2, "w12": 16.0, "w13": 25.2}, "geometry": {"type": "Polygon", "coordinates": [[[12.5671, 48.52033], [12.62124, 48.52005], [12.62168, 48.55602], [12.5675, 48.5563], [12.5671, 48.52033]]]}}, {"type": "Feature", "properties": {"d0": 0.0002, "d1": 0.0002, "d2": 0.0003, "d3": 0.0003, "d4": 0.0003, "d5": 0.0003, "d6": 0.0002, "d7": 0.0002, "d8": 0.0002, "d9": 0.0002, "d10": 0.0001, "d11": 0.0001, "d12": 0.0001, "d13": 0.0001, "w0": 6.1, "w1": 5.6, "w2": 5.0, "w3": 4.4, "w4": 3.9, "w5": 3.5, "w6": 3.1, "w7": 2.8, "w8": 2.4, "w9": 2.1, "w10": 3.7, "w11": 6.0, "w12": 17.7, "w13": 27.4}, "geometry": {"type": "Polygon", "coordinates": [[[12.62124, 48.52005], [12.67539, 48.51975], [12.67587, 48.55572], [12.62168, 48.55602], [12.62124, 48.52005]]]}}, {"type": "Feature", "properties": {"d0": 0.0002, "d1": 0.0002, "d2": 0.0002, "d3": 0.0002, "d4": 0.0002, "d5": 0.0002, "d6": 0.0002, "d7": 0.0002, "d8": 0.0002, "d9": 0.0001, "d10": 0.0001, "d11": 0.0001, "d12": 0.0001, "d13": 0.0001, "w0": 7.0, "w1": 6.4, "w2": 5.7, "w3": 4.9, "w4": 4.3, "w5": 3.8, "w6": 3.3, "w7": 2.9, "w8": 2.6, "w9": 2.2, "w10": 3.9, "w11": 6.4, "w12": 18.7, "w13": 28.5}, "geometry": {"type": "Polygon", "coordinates": [[[12.67539, 48.51975], [12.72953, 48.51942], [12.73005, 48.55539], [12.67587, 48.55572], [12.67539, 48.51975]]]}}, {"type": "Feature", "properties": {"d0": 0.0014, "d1": 0.0014, "d2": 0.0015, "d3": 0.0016, "d4": 0.0017, "d5": 0.0017, "d6": 0.0018, "d7": 0.0017, "d8": 0.0016, "d9": 0.0015, "d10": 0.0014, "d11": 0.0012, "d12": 0.0011, "d13": 0.0009, "w0": 15.4, "w1": 14.4, "w2": 13.3, "w3": 11.9, "w4": 10.6, "w5": 9.5, "w6": 8.6, "w7": 7.7, "w8": 6.8, "w9": 6.0, "w10": 5.4, "w11": 8.7, "w12": 20.8, "w13": 27.6}, "geometry": {"type": "Polygon", "coordinates": [[[11.42959, 48.55629], [11.48377, 48.55655], [11.48341, 48.59252], [11.42919, 48.59226], [11.42959, 48.55629]]]}}, {"type": "Feature", "properties": {"d0": 0.0024, "d1": 0.0024, "d2": 0.0025, "d3": 0.0026, "d4": 0.0026, "d5": 0.0026, "d6": 0.0025, "d7": 0.0024, "d8": 0.0022, "d9": 0.002, "d10": 0.0017, "d11": 0.0015, "d12": 0.0012, "d13": 0.0011, "w0": 15.4, "w1": 14.2, "w2": 12.9, "w3": 11.3, "w4": 9.8, "w5": 8.6, "w6": 7.7, "w7": 6.7, "w8": 5.9, "w9": 5.1, "w10": 4.5, "w11": 7.5, "w12": 20.8, "w13": 28.8}, "geometry": {"type": "Polygon", "coordinates": [[[11.48377, 48.55655], [11.53796, 48.55678], [11.53763, 48.59275], [11.48341, 48.59252], [11.48377, 48.55655]]]}}, {"type": "Feature", "properties": {"d0": 0.0001, "d1": 0.002, "d2": 0.0023, "d3": 0.0025, "d4": 0.0027, "d5": 0.0027, "d6": 0.0027, "d7": 0.0025, "d8": 0.0023, "d9": 0.0021, "d10": 0.0018, "d11": 0.0015, "d12": 0.0012, "d13": 0.001, "w0": 14.7, "w1": 13.4, "w2": 12.1, "w3": 10.5, "w4": 9.1, "w5": 8.0, "w6": 7.1, "w7": 6.2, "w8": 5.4, "w9": 4.7, "w10": 4.1, "w11": 5.5, "w12": 18.8, "w13": 28.0}, "geometry": {"type": "Polygon", "coordinates": [[[11.53796, 48.55678], [11.59214, 48.55698], [11.59185, 48.59295], [11.53763, 48.59275], [11.53796, 48.55678]]]}}, {"type": "Feature", "properties": {"d0": 0.0031, "d1": 0.0036, "d2": 0.0039, "d3": 0.0041, "d4": 0.0042, "d5": 0.0042, "d6": 0.0041, "d7": 0.0038, "d8": 0.0034, "d9": 0.003, "d10": 0.0025, "d11": 0.0021, "d12": 0.0017, "d13": 0.0014, "w0": 13.5, "w1": 12.4, "w2": 11.2, "w3": 9.8, "w4": 8.6, "w5": 7.6, "w6": 6.8, "w7": 6.0, "w8": 5.3, "w9": 4.6, "w10": 4.1, "w11": 4.5, "w12": 17.3, "w13": 27.3}, "geometry": {"type": "Polygon", "coordinates": [[[11.59214, 48.55698], [11.64633, 48.55716], [11.64608, 48.59313], [11.59185, 48.59295], [11.59214, 48.55698]]]}}, {"type": "Feature", "properties": {"d0": 0.0, "d1": 0.0, "d2": 0.0, "d3": 0.0033, "d4": 0.0036, "d5": 0.0038, "d6": 0.0038, "d7": 0.0036, "d8": 0.0033, "d9": 0.0029, "d10": 0.0025, "d11": 0.0021, "d12": 0.0018, "d13": 0.0015, "w0": 14.2, "w1": 13.1, "w2": 12.0, "w3": 10.7, "w4": 9.5, "w5": 8.5, "w6": 7.7, "w7": 6.9, "w8": 6.2, "w9": 5.5, "w10": 5.0, "w11": 4.8, "w12": 17.5, "w13": 28.3}, "geometry": {"type": "Polygon", "coordinates": [[[11.64633, 48.55716], [11.70052, 48.55732], [11.7003, 48.59329], [11.64608, 48.59313], [11.64633, 48.55716]]]}}, {"type": "Feature", "properties": {"d0": 0.0, "d1": 0.0, "d2": 0.0, "d3": 0.0007, "d4": 0.0017, "d5": 0.0024, "d6": 0.0028, "d7": 0.0029, "d8": 0.0028, "d9": 0.0027, "d10": 0.0024, "d11": 0.0021, "d12": 0.002, "d13": 0.0018, "w0": 14.2, "w1": 13.0, "w2": 11.8, "w3": 10.5, "w4": 9.2, "w5": 8.3, "w6": 7.4, "w7": 6.7, "w8": 5.9, "w9": 5.2, "w10": 4.7, "w11": 4.5, "w12": 17.9, "w13": 29.4}, "geometry": {"type": "Polygon", "coordinates": [[[11.70052, 48.55732], [11.7547, 48.55744], [11.75453, 48.59341], [11.7003, 48.59329], [11.70052, 48.55732]]]}}, {"type": "Feature", "properties": {"d0": 0.0, "d1": 0.0001, "d2": 0.0002, "d3": 0.0004, "d4": 0.0007, "d5": 0.0009, "d6": 0.0012, "d7": 0.0013, "d8": 0.0013, "d9": 0.0013, "d10": 0.0012, "d11": 0.0011, "d12": 0.001, "d13": 0.001, "w0": 15.4, "w1": 13.8, "w2": 12.2, "w3": 10.5, "w4": 9.0, "w5": 7.9, "w6": 6.9, "w7": 6.0, "w8": 5.2, "w9": 4.5, "w10": 4.0, "w11": 3.7, "w12": 21.0, "w13": 35.4}, "geometry": {"type": "Polygon", "coordinates": [[[11.7547, 48.55744], [11.80889, 48.55755], [11.80875, 48.59352], [11.75453, 48.59341], [11.7547, 48.55744]]]}}, {"type": "Feature", "properties": {"d0": 0.001, "d1": 0.0009, "d2": 0.0008, "d3": 0.0008, "d4": 0.0009, "d5": 0.001, "d6": 0.0012, "d7": 0.0013, "d8": 0.0014, "d9": 0.0014, "d10": 0.0014, "d11": 0.0013, "d12": 0.0013, "d13": 0.0013, "w0": 17.4, "w1": 15.9, "w2": 14.4, "w3": 12.7, "w4": 11.2, "w5": 10.0, "w6": 9.0, "w7": 8.1, "w8": 7.1, "w9": 6.3, "w10": 5.7, "w11": 5.4, "w12": 21.6, "w13": 35.1}, "geometry": {"type": "Polygon", "coordinates": [[[11.80889, 48.55755], [11.86308, 48.55762], [11.86298, 48.59359], [11.80875, 48.59352], [11.80889, 48.55755]]]}}, {"type": "Feature", "properties": {"d0": 0.0007, "d1": 0.0006, "d2": 0.0005, "d3": 0.0005, "d4": 0.0005, "d5": 0.0006, "d6": 0.0007, "d7": 0.0008, "d8": 0.0008, "d9": 0.0009, "d10": 0.0008, "d11": 0.0008, "d12": 0.0007, "d13": 0.0007, "w0": 15.9, "w1": 14.5, "w2": 13.0, "w3": 11.5, "w4": 10.2, "w5": 9.1, "w6": 8.2, "w7": 7.3, "w8": 6.5, "w9": 5.7, "w10": 5.3, "w11": 5.6, "w12": 22.4, "w13": 35.9}, "geometry": {"type": "Polygon", "coordinates": [[[11.86308, 48.55762], [11.91726, 48.55767], [11.91721, 48.59365], [11.86298, 48.59359], [11.86308, 48.55762]]]}}, {"type": "Feature", "properties": {"d0": 0.0016, "d1": 0.0015, "d2": 0.0013, "d3": 0.0012, "d4": 0.0011, "d5": 0.001, "d6": 0.0009, "d7": 0.0009, "d8": 0.0009, "d9": 0.0008, "d10": 0.0008, "d11": 0.0007, "d12": 0.0006, "d13": 0.0006, "w0": 13.1, "w1": 11.9, "w2": 10.6, "w3": 9.3, "w4": 8.2, "w5": 7.3, "w6": 6.5, "w7": 5.8, "w8": 5.1, "w9": 4.4, "w10": 4.4, "w11": 5.8, "w12": 24.4, "w13": 38.6}, "geometry": {"type": "Polygon", "coordinates": [[[11.91726, 48.55767], [11.97145, 48.5577], [11.97143, 48.59367], [11.91721, 48.59365], [11.91726, 48.55767]]]}}, {"type": "Feature", "properties": {"d0": 0.0006, "d1": 0.0006, "d2": 0.0005, "d3": 0.0005, "d4": 0.0005, "d5": 0.0005, "d6": 0.0005, "d7": 0.0005, "d8": 0.0005, "d9": 0.0005, "d10": 0.0004, "d11": 0.0004, "d12": 0.0003, "d13": 0.0003, "w0": 10.5, "w1": 9.6, "w2": 8.6, "w3": 7.6, "w4": 6.7, "w5": 5.9, "w6": 5.3, "w7": 4.7, "w8": 4.2, "w9": 3.7, "w10": 4.0, "w11": 6.2, "w12": 24.3, "w13": 37.8}, "geometry": {"type": "Polygon", "coordinates": [[[11.97145, 48.5577], [12.02564, 48.5577], [12.02566, 48.59367], [11.97143, 48.59367], [11.97145, 48.5577]]]}}, {"type": "Feature", "properties": {"d0": 0.0002, "d1": 0.0002, "d2": 0.0003, "d3": 0.0004, "d4": 0.0004, "d5": 0.0004, "d6": 0.0005, "d7": 0.0005, "d8": 0.0006, "d9": 0.0006, "d10": 0.0006, "d11": 0.0005, "d12": 0.0005, "d13": 0.0005, "w0": 7.0, "w1": 6.4, "w2": 5.8, "w3": 5.1, "w4": 4.6, "w5": 4.1, "w6": 3.7, "w7": 3.3, "w8": 2.9, "w9": 2.6, "w10": 2.7, "w11": 4.1, "w12": 19.8, "w13": 32.3}, "geometry": {"type": "Polygon", "coordinates": [[[12.02564, 48.5577], [12.07983, 48.55768], [12.07988, 48.59365], [12.02566, 48.59367], [12.02564, 48.5577]]]}}, {"type": "Feature", "properties": {"d0": 0.0001, "d1": 0.0001, "d2": 0.0001, "d3": 0.0001, "d4": 0.0002, "d5": 0.0002, "d6": 0.0003, "d7": 0.0003, "d8": 0.0003, "d9": 0.0003, "d10": 0.0003, "d11": 0.0003, "d12": 0.0002, "d13": 0.0002, "w0": 5.0, "w1": 4.6, "w2": 4.1, "w3": 3.6, "w4": 3.2, "w5": 2.9, "w6": 2.6, "w7": 2.3, "w8": 2.0, "w9": 1.8, "w10": 2.3, "w11": 3.4, "w12": 17.0, "w13": 28.2}, "geometry": {"type": "Polygon", "coordinates": [[[12.07983, 48.55768], [12.13401, 48.55763], [12.13411, 48.5936], [12.07988, 48.59365], [12.07983, 48.55768]]]}}, {"type": "Feature", "properties": {"d0": 0.0005, "d1": 0.0005, "d2": 0.0005, "d3": 0.0005, "d4": 0.0004, "d5": 0.0004, "d6": 0.0003, "d7": 0.0003, "d8": 0.0003, "d9": 0.0002, "d10": 0.0002, "d11": 0.0002, "d12": 0.0001, "d13": 0.0001, "w0": 3.5, "w1": 3.1, "w2": 2.7, "w3": 2.3, "w4": 1.9, "w5": 1.7, "w6": 1.5, "w7": 1.3, "w8": 1.1, "w9": 0.9, "w10": 2.7, "w11": 4.4, "w12": 18.0, "w13": 28.6}, "geometry": {"type": "Polygon", "coordinates": [[[12.13401, 48.55763], [12.1882, 48.55755], [12.18834, 48.59352], [12.13411, 48.5936], [12.13401, 48.55763]]]}}, {"type": "Feature", "properties": {"d0": 0.0009, "d1": 0.0008, "d2": 0.0008, "d3": 0.0007, "d4": 0.0006, "d5": 0.0005, "d6": 0.0004, "d7": 0.0003, "d8": 0.0003, "d9": 0.0002, "d10": 0.0002, "d11": 0.0001, "d12": 0.0001, "d13": 0.0001, "w0": 5.1, "w1": 4.5, "w2": 4.0, "w3": 3.4, "w4": 2.9, "w5": 2.5, "w6": 2.2, "w7": 1.9, "w8": 1.7, "w9": 1.4, "w10": 3.2, "w11": 5.1, "w12": 17.8, "w13": 28.4}, "geometry": {"type": "Polygon", "coordinates": [[[12.1882, 48.55755], [12.24239, 48.55745], [12.24256, 48.59342], [12.18834, 48.59352], [12.1882, 48.55755]]]}}, {"type": "Feature", "properties": {"d0": 0.0018, "d1": 0.0018, "d2": 0.0017, "d3": 0.0017, "d4": 0.0016, "d5": 0.0014, "d6": 0.0013, "d7": 0.0011, "d8": 0.001, "d9": 0.0008, "d10": 0.0006, "d11": 0.0005, "d12": 0.0004, "d13": 0.0004, "w0": 10.5, "w1": 9.5, "w2": 8.4, "w3": 7.3, "w4": 6.4, "w5": 5.6, "w6": 5.0, "w7": 4.4, "w8": 3.8, "w9": 3.3, "w10": 4.9, "w11": 6.9, "w12": 18.7, "w13": 28.6}, "geometry": {"type": "Polygon", "coordinates": [[[12.24239, 48.55745], [12.29658, 48.55732], [12.29679, 48.59329], [12.24256, 48.59342], [12.24239, 48.55745]]]}}, {"type": "Feature", "properties": {"d0": 0.0019, "d1": 0.0022, "d2": 0.0024, "d3": 0.0025, "d4": 0.0024, "d5": 0.0023, "d6": 0.0022, "d7": 0.002, "d8": 0.0018, "d9": 0.0015, "d10": 0.0013, "d11": 0.0011, "d12": 0.001, "d13": 0.0009, "w0": 18.5, "w1": 17.2, "w2": 15.6, "w3": 13.9, "w4": 12.4, "w5": 11.2, "w6": 10.1, "w7": 9.1, "w8": 8.1, "w9": 7.2, "w10": 8.3, "w11": 10.1, "w12": 19.7, "w13": 27.7}, "geometry": {"type": "Polygon", "coordinates": [[[12.29658, 48.55732], [12.35076, 48.55717], [12.35101, 48.59314], [12.29679, 48.59329], [12.29658, 48.55732]]]}}, {"type": "Feature", "properties": {"d0": 0.0075, "d1": 0.0081, "d2": 0.0084, "d3": 0.0086, "d4": 0.0084, "d5": 0.0082, "d6": 0.0079, "d7": 0.0075, "d8": 0.0068, "d9": 0.006, "d10": 0.0053, "d11": 0.0047, "d12": 0.0042, "d13": 0.0039, "w0": 25.2, "w1": 23.6, "w2": 21.7, "w3": 19.7, "w4": 17.8, "w5": 16.3, "w6": 14.9, "w7": 13.6, "w8": 12.4, "w9": 11.1, "w10": 11.8, "w11": 13.6, "w12": 21.9, "w13": 29.0}, "geometry": {"type": "Polygon", "coordinates": [[[12.35076, 48.55717], [12.40495, 48.55699], [12.40524, 48.59296], [12.35101, 48.59314], [12.35076, 48.55717]]]}}, {"type": "Feature", "properties": {"d0": 0.0035, "d1": 0.0042, "d2": 0.0046, "d3": 0.0047, "d4": 0.0046, "d5": 0.0044, "d6": 0.0042, "d7": 0.004, "d8": 0.0036, "d9": 0.0032, "d10": 0.0029, "d11": 0.0026, "d12": 0.0023, "d13": 0.0021, "w0": 20.0, "w1": 18.6, "w2": 16.9, "w3": 15.2, "w4": 13.6, "w5": 12.3, "w6": 11.2, "w7": 10.1, "w8": 9.1, "w9": 8.1, "w10": 9.2, "w11": 11.3, "w12": 20.0, "w13": 27.2}, "geometry": {"type": "Polygon", "coordinates": [[[12.40495, 48.55699], [12.45913, 48.55679], [12.45946, 48.59276], [12.40524, 48.59296], [12.40495, 48.55699]]]}}, {"type": "Feature", "properties": {"d0": 0.0, "d1": 0.0, "d2": 0.0013, "d3": 0.0016, "d4": 0.0017, "d5": 0.0017, "d6": 0.0017, "d7": 0.0016, "d8": 0.0015, "d9": 0.0014, "d10": 0.0013, "d11": 0.0012, "d12": 0.0011, "d13": 0.0009, "w0": 12.6, "w1": 11.7, "w2": 10.5, "w3": 9.4, "w4": 8.3, "w5": 7.5, "w6": 6.8, "w7": 6.1, "w8": 5.4, "w9": 4.8, "w10": 5.8, "w11": 7.6, "w12": 17.1, "w13": 25.3}, "geometry": {"type": "Polygon", "coordinates": [[[12.45913, 48.55679], [12.51332, 48.55656], [12.51368, 48.59253], [12.45946, 48.59276], [12.45913, 48.55679]]]}}, {"type": "Feature", "properties": {"d0": 0.0, "d1": 0.0, "d2": 0.0008, "d3": 0.0012, "d4": 0.0013, "d5": 0.0013, "d6": 0.0012, "d7": 0.0012, "d8": 0.0011, "d9": 0.001, "d10": 0.001, "d11": 0.0009, "d12": 0.0008, "d13": 0.0008, "w0": 7.1, "w1": 6.6, "w2": 5.9, "w3": 5.3, "w4": 4.7, "w5": 4.3, "w6": 3.9, "w7": 3.5, "w8": 3.1, "w9": 2.7, "w10": 3.7, "w11": 5.2, "w12": 15.1, "w13": 23.8}, "geometry": {"type": "Polygon", "coordinates": [[[12.51332, 48.55656], [12.5675, 48.5563], [12.5679, 48.59227], [12.51368, 48.59253], [12.51332, 48.55656]]]}}, {"type": "Feature", "properties": {"d0": 0.0, "d1": 0.0001, "d2": 0.0003, "d3": 0.0004, "d4": 0.0004, "d5": 0.0004, "d6": 0.0004, "d7": 0.0004, "d8": 0.0004, "d9": 0.0003, "d10": 0.0003, "d11": 0.0003, "d12": 0.0003, "d13": 0.0003, "w0": 7.5, "w1": 6.8, "w2": 6.0, "w3": 5.1, "w4": 4.5, "w5": 4.0, "w6": 3.5, "w7": 3.0, "w8": 2.6, "w9": 2.3, "w10": 4.0, "w11": 5.9, "w12": 16.6, "w13": 25.6}, "geometry": {"type": "Polygon", "coordinates": [[[12.5675, 48.5563], [12.62168, 48.55602], [12.62213, 48.59199], [12.5679, 48.59227], [12.5675, 48.5563]]]}}, {"type": "Feature", "properties": {"d0": 0.0002, "d1": 0.0002, "d2": 0.0002, "d3": 0.0002, "d4": 0.0002, "d5": 0.0002, "d6": 0.0002, "d7": 0.0002, "d8": 0.0002, "d9": 0.0001, "d10": 0.0001, "d11": 0.0001, "d12": 0.0001, "d13": 0.0001, "w0": 10.7, "w1": 9.8, "w2": 8.7, "w3": 7.6, "w4": 6.7, "w5": 6.0, "w6": 5.3, "w7": 4.7, "w8": 4.1, "w9": 3.6, "w10": 5.3, "w11": 7.3, "w12": 17.5, "w13": 25.8}, "geometry": {"type": "Polygon", "coordinates": [[[12.62168, 48.55602], [12.67587, 48.55572], [12.67635, 48.59168], [12.62213, 48.59199], [12.62168, 48.55602]]]}}, {"type": "Feature", "properties": {"d0": 0.0003, "d1": 0.0003, "d2": 0.0003, "d3": 0.0004, "d4": 0.0004, "d5": 0.0004, "d6": 0.0004, "d7": 0.0003, "d8": 0.0003, "d9": 0.0003, "d10": 0.0003, "d11": 0.0003, "d12": 0.0003, "d13": 0.0003, "w0": 10.2, "w1": 9.5, "w2": 8.5, "w3": 7.5, "w4": 6.6, "w5": 6.0, "w6": 5.3, "w7": 4.7, "w8": 4.2, "w9": 3.7, "w10": 4.9, "w11": 6.7, "w12": 17.5, "w13": 26.6}, "geometry": {"type": "Polygon", "coordinates": [[[12.67587, 48.55572], [12.73005, 48.55539], [12.73057, 48.59135], [12.67635, 48.59168], [12.67587, 48.55572]]]}}, {"type": "Feature", "properties": {"d0": 0.0031, "d1": 0.0031, "d2": 0.0032, "d3": 0.0033, "d4": 0.0033, "d5": 0.0032, "d6": 0.0032, "d7": 0.003, "d8": 0.0028, "d9": 0.0025, "d10": 0.0022, "d11": 0.0019, "d12": 0.0016, "d13": 0.0014, "w0": 16.4, "w1": 15.6, "w2": 14.7, "w3": 13.0, "w4": 11.4, "w5": 10.2, "w6": 9.1, "w7": 8.1, "w8": 7.1, "w9": 6.2, "w10": 5.6, "w11": 8.9, "w12": 20.1, "w13": 26.0}, "geometry": {"type": "Polygon", "coordinates": [[[11.42919, 48.59226], [11.48341, 48.59252], [11.48304, 48.62849], [11.42878, 48.62823], [11.42919, 48.59226]]]}}, {"type": "Feature", "properties": {"d0": 0.0005, "d1": 0.0006, "d2": 0.0008, "d3": 0.0011, "d4": 0.0013, "d5": 0.0014, "d6": 0.0014, "d7": 0.0014, "d8": 0.0014, "d9": 0.0013, "d10": 0.0011, "d11": 0.001, "d12": 0.0009, "d13": 0.0008, "w0": 17.8, "w1": 16.8, "w2": 15.7, "w3": 14.0, "w4": 12.4, "w5": 11.1, "w6": 10.0, "w7": 8.9, "w8": 7.9, "w9": 7.0, "w10": 6.3, "w11": 8.9, "w12": 21.1, "w13": 28.5}, "geometry": {"type": "Polygon", "coordinates": [[[11.48341, 48.59252], [11.53763, 48.59275], [11.5373, 48.62872], [11.48304, 48.62849], [11.48341, 48.59252]]]}}, {"type": "Feature", "properties": {"d0": 0.0, "d1": 0.0001, "d2": 0.0005, "d3": 0.0011, "d4": 0.0014, "d5": 0.0016, "d6": 0.0017, "d7": 0.0017, "d8": 0.0016, "d9": 0.0014, "d10": 0.0012, "d11": 0.0011, "d12": 0.0009, "d13": 0.0007, "w0": 18.3, "w1": 16.4, "w2": 14.6, "w3": 12.3, "w4": 10.3, "w5": 8.8, "w6": 7.6, "w7": 6.4, "w8": 5.4, "w9": 4.6, "w10": 4.0, "w11": 5.8, "w12": 19.3, "w13": 28.4}, "geometry": {"type": "Polygon", "coordinates": [[[11.53763, 48.59275], [11.59185, 48.59295], [11.59157, 48.62892], [11.5373, 48.62872], [11.53763, 48.59275]]]}}, {"type": "Feature", "properties": {"d0": 0.003, "d1": 0.003, "d2": 0.003, "d3": 0.0031, "d4": 0.0031, "d5": 0.003, "d6": 0.0029, "d7": 0.0027, "d8": 0.0025, "d9": 0.0021, "d10": 0.0018, "d11": 0.0014, "d12": 0.0011, "d13": 0.0009, "w0": 16.7, "w1": 15.0, "w2": 13.4, "w3": 11.4, "w4": 9.8, "w5": 8.5, "w6": 7.4, "w7": 6.4, "w8": 5.5, "w9": 4.7, "w10": 4.2, "w11": 4.8, "w12": 17.4, "w13": 26.9}, "geometry": {"type": "Polygon", "coordinates": [[[11.59185, 48.59295], [11.64608, 48.59313], [11.64583, 48.6291], [11.59157, 48.62892], [11.59185, 48.59295]]]}}, {"type": "Feature", "properties": {"d0": 0.0, "d1": 0.0, "d2": 0.0, "d3": 0.001, "d4": 0.0014, "d5": 0.0017, "d6": 0.0019, "d7": 0.0019, "d8": 0.0019, "d9": 0.0017, "d10": 0.0016, "d11": 0.0014, "d12": 0.0012, "d13": 0.0011, "w0": 15.4, "w1": 14.1, "w2": 12.8, "w3": 11.3, "w4": 9.9, "w5": 8.8, "w6": 7.8, "w7": 6.9, "w8": 6.1, "w9": 5.4, "w10": 4.8, "w11": 4.6, "w12": 17.2, "w13": 28.0}, "geometry": {"type": "Polygon", "coordinates": [[[11.64608, 48.59313], [11.7003, 48.59329], [11.70009, 48.62926], [11.64583, 48.6291], [11.64608, 48.59313]]]}}, {"type": "Feature", "properties": {"d0": 0.0, "d1": 0.0, "d2": 0.0, "d3": 0.0005, "d4": 0.0009, "d5": 0.0013, "d6": 0.0014, "d7": 0.0015, "d8": 0.0015, "d9": 0.0014, "d10": 0.0013, "d11": 0.0012, "d12": 0.0011, "d13": 0.001, "w0": 14.5, "w1": 13.4, "w2": 12.2, "w3": 10.8, "w4": 9.6, "w5": 8.6, "w6": 7.8, "w7": 6.9, "w8": 6.2, "w9": 5.5, "w10": 5.0, "w11": 4.7, "w12": 17.1, "w13": 27.9}, "geometry": {"type": "Polygon", "coordinates": [[[11.7003, 48.59329], [11.75453, 48.59341], [11.75435, 48.62938], [11.70009, 48.62926], [11.7003, 48.59329]]]}}, {"type": "Feature", "properties": {"d0": 0.0003, "d1": 0.0004, "d2": 0.0006, "d3": 0.0007, "d4": 0.0008, "d5": 0.001, "d6": 0.0011, "d7": 0.0011, "d8": 0.0012, "d9": 0.0011, "d10": 0.0011, "d11": 0.001, "d12": 0.0009, "d13": 0.0009, "w0": 12.6, "w1": 11.5, "w2": 10.3, "w3": 9.0, "w4": 7.8, "w5": 6.9, "w6": 6.2, "w7": 5.4, "w8": 4.8, "w9": 4.2, "w10": 3.8, "w11": 3.5, "w12": 17.2, "w13": 29.2}, "geometry": {"type": "Polygon", "coordinates": [[[11.75453, 48.59341], [11.80875, 48.59352], [11.80862, 48.62949], [11.75435, 48.62938], [11.75453, 48.59341]]]}}, {"type": "Feature", "properties": {"d0": 0.0005, "d1": 0.0004, "d2": 0.0004, "d3": 0.0003, "d4": 0.0003, "d5": 0.0004, "d6": 0.0005, "d7": 0.0006, "d8": 0.0007, "d9": 0.0007, "d10": 0.0008, "d11": 0.0007, "d12": 0.0007, "d13": 0.0007, "w0": 12.8, "w1": 11.7, "w2": 10.6, "w3": 9.3, "w4": 8.2, "w5": 7.3, "w6": 6.5, "w7": 5.8, "w8": 5.1, "w9": 4.5, "w10": 4.1, "w11": 3.9, "w12": 18.2, "w13": 30.5}, "geometry": {"type": "Polygon", "coordinates": [[[11.80875, 48.59352], [11.86298, 48.59359], [11.86288, 48.62956], [11.80862, 48.62949], [11.80875, 48.59352]]]}}, {"type": "Feature", "properties": {"d0": 0.0009, "d1": 0.0007, "d2": 0.0006, "d3": 0.0005, "d4": 0.0004, "d5": 0.0003, "d6": 0.0003, "d7": 0.0003, "d8": 0.0003, "d9": 0.0003, "d10": 0.0003, "d11": 0.0003, "d12": 0.0003, "d13": 0.0003, "w0": 11.0, "w1": 9.9, "w2": 8.8, "w3": 7.6, "w4": 6.6, "w5": 5.8, "w6": 5.1, "w7": 4.5, "w8": 3.9, "w9": 3.4, "w10": 3.1, "w11": 3.3, "w12": 19.7, "w13": 33.1}, "geometry": {"type": "Polygon", "coordinates": [[[11.86298, 48.59359], [11.91721, 48.59365], [11.91715, 48.62962], [11.86288, 48.62956], [11.86298, 48.59359]]]}}, {"type": "Feature", "properties": {"d0": 0.0008, "d1": 0.0007, "d2": 0.0006, "d3": 0.0006, "d4": 0.0005, "d5": 0.0004, "d6": 0.0003, "d7": 0.0003, "d8": 0.0003, "d9": 0.0003, "d10": 0.0003, "d11": 0.0003, "d12": 0.0003, "d13": 0.0003, "w0": 8.8, "w1": 8.0, "w2": 7.2, "w3": 6.3, "w4": 5.5, "w5": 4.9, "w6": 4.4, "w7": 3.9, "w8": 3.4, "w9": 3.0, "w10": 2.8, "w11": 3.3, "w12": 19.3, "w13": 32.3}, "geometry": {"type": "Polygon", "coordinates": [[[11.91721, 48.59365], [11.97143, 48.59367], [11.97141, 48.62964], [11.91715, 48.62962], [11.91721, 48.59365]]]}}, {"type": "Feature", "properties": {"d0": 0.0006, "d1": 0.0005, "d2": 0.0005, "d3": 0.0005, "d4": 0.0004, "d5": 0.0003, "d6": 0.0003, "d7": 0.0003, "d8": 0.0002, "d9": 0.0002, "d10": 0.0002, "d11": 0.0002, "d12": 0.0002, "d13": 0.0002, "w0": 6.0, "w1": 5.4, "w2": 4.8, "w3": 4.2, "w4": 3.6, "w5": 3.2, "w6": 2.9, "w7": 2.5, "w8": 2.2, "w9": 1.9, "w10": 2.1, "w11": 3.0, "w12": 19.1, "w13": 31.9}, "geometry": {"type": "Polygon", "coordinates": [[[11.97143, 48.59367], [12.02566, 48.59367], [12.02568, 48.62964], [11.97141, 48.62964], [11.97143, 48.59367]]]}}, {"type": "Feature", "properties": {"d0": 0.0001, "d1": 0.0001, "d2": 0.0001, "d3": 0.0001, "d4": 0.0001, "d5": 0.0001, "d6": 0.0001, "d7": 0.0001, "d8": 0.0001, "d9": 0.0001, "d10": 0.0001, "d11": 0.0001, "d12": 0.0001, "d13": 0.0001, "w0": 3.9, "w1": 3.5, "w2": 3.1, "w3": 2.7, "w4": 2.4, "w5": 2.1, "w6": 1.9, "w7": 1.6, "w8": 1.4, "w9": 1.2, "w10": 1.6, "w11": 2.5, "w12": 17.7, "w13": 29.9}, "geometry": {"type": "Polygon", "coordinates": [[[12.02566, 48.59367], [12.07988, 48.59365], [12.07994, 48.62962], [12.02568, 48.62964], [12.02566, 48.59367]]]}}, {"type": "Feature", "properties": {"d0": 0.0, "d1": 0.0, "d2": 0.0, "d3": 0.0, "d4": 0.0, "d5": 0.0, "d6": 0.0, "d7": 0.0, "d8": 0.0001, "d9": 0.0001, "d10": 0.0001, "d11": 0.0001, "d12": 0.0, "d13": 0.0, "w0": 3.1, "w1": 2.8, "w2": 2.5, "w3": 2.2, "w4": 2.0, "w5": 1.8, "w6": 1.6, "w7": 1.5, "w8": 1.3, "w9": 1.2, "w10": 1.5, "w11": 2.1, "w12": 14.7, "w13": 25.4}, "geometry": {"type": "Polygon", "coordinates": [[[12.07988, 48.59365], [12.13411, 48.5936], [12.13421, 48.62957], [12.07994, 48.62962], [12.07988, 48.59365]]]}}, {"type": "Feature", "properties": {"d0": 0.0, "d1": 0.0, "d2": 0.0, "d3": 0.0, "d4": 0.0, "d5": 0.0, "d6": 0.0, "d7": 0.0, "d8": 0.0, "d9": 0.0, "d10": 0.0, "d11": 0.0, "d12": 0.0, "d13": 0.0, "w0": 2.7, "w1": 2.5, "w2": 2.2, "w3": 1.9, "w4": 1.7, "w5": 1.5, "w6": 1.3, "w7": 1.2, "w8": 1.0, "w9": 0.9, "w10": 2.0, "w11": 3.2, "w12": 14.9, "w13": 25.1}, "geometry": {"type": "Polygon", "coordinates": [[[12.13411, 48.5936], [12.18834, 48.59352], [12.18847, 48.62949], [12.13421, 48.62957], [12.13411, 48.5936]]]}}, {"type": "Feature", "properties": {"d0": 0.0, "d1": 0.0, "d2": 0.0, "d3": 0.0, "d4": 0.0, "d5": 0.0, "d6": 0.0, "d7": 0.0, "d8": 0.0, "d9": 0.0, "d10": 0.0, "d11": 0.0, "d12": 0.0, "d13": 0.0, "w0": 3.5, "w1": 3.2, "w2": 2.8, "w3": 2.4, "w4": 2.0, "w5": 1.7, "w6": 1.5, "w7": 1.3, "w8": 1.1, "w9": 1.0, "w10": 3.6, "w11": 5.5, "w12": 15.5, "w13": 23.7}, "geometry": {"type": "Polygon", "coordinates": [[[12.18834, 48.59352], [12.24256, 48.59342], [12.24273, 48.62939], [12.18847, 48.62949], [12.18834, 48.59352]]]}}, {"type": "Feature", "properties": {"d0": 0.0005, "d1": 0.0005, "d2": 0.0006, "d3": 0.0005, "d4": 0.0005, "d5": 0.0004, "d6": 0.0003, "d7": 0.0003, "d8": 0.0002, "d9": 0.0002, "d10": 0.0002, "d11": 0.0002, "d12": 0.0001, "d13": 0.0, "w0": 6.6, "w1": 5.8, "w2": 5.0, "w3": 4.3, "w4": 3.6, "w5": 3.1, "w6": 2.7, "w7": 2.3, "w8": 2.0, "w9": 1.7, "w10": 4.2, "w11": 6.4, "w12": 17.1, "w13": 26.0}, "geometry": {"type": "Polygon", "coordinates": [[[12.24256, 48.59342], [12.29679, 48.59329], [12.297, 48.62926], [12.24273, 48.62939], [12.24256, 48.59342]]]}}, {"type": "Feature", "properties": {"d0": 0.0024, "d1": 0.0029, "d2": 0.0031, "d3": 0.0031, "d4": 0.003, "d5": 0.0028, "d6": 0.0025, "d7": 0.0023, "d8": 0.0021, "d9": 0.0019, "d10": 0.0017, "d11": 0.0016, "d12": 0.0015, "d13": 0.0015, "w0": 12.2, "w1": 11.0, "w2": 9.7, "w3": 8.3, "w4": 7.1, "w5": 6.2, "w6": 5.4, "w7": 4.7, "w8": 4.1, "w9": 3.5, "w10": 5.8, "w11": 8.1, "w12": 18.1, "w13": 26.4}, "geometry": {"type": "Polygon", "coordinates": [[[12.29679, 48.59329], [12.35101, 48.59314], [12.35126, 48.62911], [12.297, 48.62926], [12.29679, 48.59329]]]}}, {"type": "Feature", "properties": {"d0": 0.0031, "d1": 0.0039, "d2": 0.0043, "d3": 0.0044, "d4": 0.0042, "d5": 0.004, "d6": 0.0038, "d7": 0.0036, "d8": 0.0034, "d9": 0.0031, "d10": 0.0029, "d11": 0.0027, "d12": 0.0026, "d13": 0.0024, "w0": 18.0, "w1": 16.5, "w2": 14.8, "w3": 13.0, "w4": 11.3, "w5": 10.0, "w6": 8.9, "w7": 7.9, "w8": 7.0, "w9": 6.1, "w10": 8.3, "w11": 10.8, "w12": 18.9, "w13": 25.8}, "geometry": {"type": "Polygon", "coordinates": [[[12.35101, 48.59314], [12.40524, 48.59296], [12.40552, 48.62893], [12.35126, 48.62911], [12.35101, 48.59314]]]}}, {"type": "Feature", "properties": {"d0": 0.005, "d1": 0.0057, "d2": 0.0061, "d3": 0.0061, "d4": 0.0059, "d5": 0.0056, "d6": 0.0052, "d7": 0.0049, "d8": 0.0046, "d9": 0.0042, "d10": 0.0039, "d11": 0.0035, "d12": 0.0032, "d13": 0.0028, "w0": 19.3, "w1": 17.9, "w2": 16.1, "w3": 14.3, "w4": 12.7, "w5": 11.4, "w6": 10.2, "w7": 9.1, "w8": 8.1, "w9": 7.2, "w10": 9.2, "w11": 11.5, "w12": 18.6, "w13": 24.6}, "geometry": {"type": "Polygon", "coordinates": [[[12.40524, 48.59296], [12.45946, 48.59276], [12.45979, 48.62872], [12.40552, 48.62893], [12.40524, 48.59296]]]}}, {"type": "Feature", "properties": {"d0": 0.0006, "d1": 0.0011, "d2": 0.0016, "d3": 0.0019, "d4": 0.0019, "d5": 0.0019, "d6": 0.0018, "d7": 0.0017, "d8": 0.0016, "d9": 0.0015, "d10": 0.0014, "d11": 0.0012, "d12": 0.0011, "d13": 0.0009, "w0": 15.7, "w1": 14.6, "w2": 13.2, "w3": 11.7, "w4": 10.4, "w5": 9.4, "w6": 8.5, "w7": 7.6, "w8": 6.8, "w9": 6.0, "w10": 7.0, "w11": 8.3, "w12": 16.0, "w13": 22.6}, "geometry": {"type": "Polygon", "coordinates": [[[12.45946, 48.59276], [12.51368, 48.59253], [12.51405, 48.6285], [12.45979, 48.62872], [12.45946, 48.59276]]]}}, {"type": "Feature", "properties": {"d0": 0.0001, "d1": 0.0002, "d2": 0.0005, "d3": 0.0008, "d4": 0.0009, "d5": 0.001, "d6": 0.001, "d7": 0.001, "d8": 0.001, "d9": 0.001, "d10": 0.001, "d11": 0.0009, "d12": 0.0009, "d13": 0.0008, "w0": 14.9, "w1": 13.9, "w2": 12.6, "w3": 11.2, "w4": 10.0, "w5": 9.1, "w6": 8.2, "w7": 7.4, "w8": 6.6, "w9": 5.8, "w10": 6.3, "w11": 7.2, "w12": 15.7, "w13": 23.3}, "geometry": {"type": "Polygon", "coordinates": [[[12.51368, 48.59253], [12.5679, 48.59227], [12.56831, 48.62824], [12.51405, 48.6285], [12.51368, 48.59253]]]}}, {"type": "Feature", "properties": {"d0": 0.0, "d1": 0.0, "d2": 0.0002, "d3": 0.0003, "d4": 0.0004, "d5": 0.0005, "d6": 0.0005, "d7": 0.0005, "d8": 0.0005, "d9": 0.0006, "d10": 0.0006, "d11": 0.0006, "d12": 0.0006, "d13": 0.0006, "w0": 19.6, "w1": 18.2, "w2": 16.4, "w3": 14.4, "w4": 12.8, "w5": 11.5, "w6": 10.3, "w7": 9.1, "w8": 8.1, "w9": 7.1, "w10": 8.2, "w11": 9.9, "w12": 18.9, "w13": 26.8}, "geometry": {"type": "Polygon", "coordinates": [[[12.5679, 48.59227], [12.62213, 48.59199], [12.62257, 48.62796], [12.56831, 48.62824], [12.5679, 48.59227]]]}}, {"type": "Feature", "properties": {"d0": 0.0004, "d1": 0.0006, "d2": 0.0007, "d3": 0.0009, "d4": 0.001, "d5": 0.001, "d6": 0.0011, "d7": 0.0011, "d8": 0.001, "d9": 0.001, "d10": 0.001, "d11": 0.001, "d12": 0.0011, "d13": 0.0011, "w0": 20.7, "w1": 19.2, "w2": 17.3, "w3": 15.2, "w4": 13.4, "w5": 12.0, "w6": 10.7, "w7": 9.5, "w8": 8.4, "w9": 7.4, "w10": 8.6, "w11": 10.5, "w12": 19.9, "w13": 28.2}, "geometry": {"type": "Polygon", "coordinates": [[[12.62213, 48.59199], [12.67635, 48.59168], [12.67683, 48.62765], [12.62257, 48.62796], [12.62213, 48.59199]]]}}, {"type": "Feature", "properties": {"d0": 0.0002, "d1": 0.0003, "d2": 0.0003, "d3": 0.0003, "d4": 0.0003, "d5": 0.0003, "d6": 0.0003, "d7": 0.0003, "d8": 0.0003, "d9": 0.0003, "d10": 0.0003, "d11": 0.0002, "d12": 0.0002, "d13": 0.0002, "w0": 13.0, "w1": 11.7, "w2": 10.2, "w3": 8.7, "w4": 7.4, "w5": 6.5, "w6": 5.6, "w7": 4.8, "w8": 4.2, "w9": 3.5, "w10": 5.0, "w11": 6.5, "w12": 17.7, "w13": 26.8}, "geometry": {"type": "Polygon", "coordinates": [[[12.67635, 48.59168], [12.73057, 48.59135], [12.73109, 48.62732], [12.67683, 48.62765], [12.67635, 48.59168]]]}}, {"type": "Feature", "properties": {"d0": 0.0021, "d1": 0.0022, "d2": 0.0026, "d3": 0.0032, "d4": 0.0036, "d5": 0.0038, "d6": 0.0039, "d7": 0.0038, "d8": 0.0037, "d9": 0.0034, "d10": 0.0032, "d11": 0.0029, "d12": 0.0027, "d13": 0.0024, "w0": 22.3, "w1": 21.1, "w2": 19.2, "w3": 16.3, "w4": 13.8, "w5": 11.8, "w6": 10.2, "w7": 8.7, "w8": 7.4, "w9": 6.3, "w10": 5.4, "w11": 8.2, "w12": 19.9, "w13": 26.4}, "geometry": {"type": "Polygon", "coordinates": [[[11.42878, 48.62823], [11.48304, 48.62849], [11.48267, 48.66446], [11.42837, 48.6642], [11.42878, 48.62823]]]}}, {"type": "Feature", "properties": {"d0": 0.0001, "d1": 0.0001, "d2": 0.0001, "d3": 0.0002, "d4": 0.0002, "d5": 0.0002, "d6": 0.0005, "d7": 0.0012, "d8": 0.0013, "d9": 0.0013, "d10": 0.0012, "d11": 0.0011, "d12": 0.001, "d13": 0.0009, "w0": 20.7, "w1": 19.6, "w2": 18.3, "w3": 16.2, "w4": 14.3, "w5": 12.7, "w6": 11.4, "w7": 10.1, "w8": 9.0, "w9": 7.9, "w10": 7.1, "w11": 8.6, "w12": 18.1, "w13": 24.4}, "geometry": {"type": "Polygon", "coordinates": [[[11.48304, 48.62849], [11.5373, 48.62872], [11.53697, 48.66469], [11.48267, 48.66446], [11.48304, 48.62849]]]}}, {"type": "Feature", "properties": {"d0": 0.0, "d1": 0.0, "d2": 0.0, "d3": 0.0, "d4": 0.0003, "d5": 0.001, "d6": 0.0015, "d7": 0.0018, "d8": 0.002, "d9": 0.0021, "d10": 0.002, "d11": 0.002, "d12": 0.0019, "d13": 0.0017, "w0": 22.0, "w1": 20.7, "w2": 19.2, "w3": 17.2, "w4": 15.3, "w5": 13.7, "w6": 12.4, "w7": 11.1, "w8": 9.9, "w9": 8.8, "w10": 8.0, "w11": 8.4, "w12": 18.5, "w13": 26.3}, "geometry": {"type": "Polygon", "coordinates": [[[11.5373, 48.62872], [11.59157, 48.62892], [11.59127, 48.66489], [11.53697, 48.66469], [11.5373, 48.62872]]]}}, {"type": "Feature", "properties": {"d0": 0.0, "d1": 0.0, "d2": 0.0, "d3": 0.0, "d4": 0.0006, "d5": 0.0012, "d6": 0.0015, "d7": 0.0017, "d8": 0.0019, "d9": 0.0019, "d10": 0.0018, "d11": 0.0017, "d12": 0.0016, "d13": 0.0014, "w0": 21.7, "w1": 20.1, "w2": 18.2, "w3": 16.0, "w4": 14.0, "w5": 12.3, "w6": 11.0, "w7": 9.7, "w8": 8.5, "w9": 7.4, "w10": 6.7, "w11": 6.7, "w12": 17.4, "w13": 26.5}, "geometry": {"type": "Polygon", "coordinates": [[[11.59157, 48.62892], [11.64583, 48.6291], [11.64558, 48.66507], [11.59127, 48.66489], [11.59157, 48.62892]]]}}, {"type": "Feature", "properties": {"d0": 0.0, "d1": 0.0, "d2": 0.0001, "d3": 0.0006, "d4": 0.001, "d5": 0.0013, "d6": 0.0014, "d7": 0.0015, "d8": 0.0016, "d9": 0.0015, "d10": 0.0015, "d11": 0.0013, "d12": 0.0012, "d13": 0.0011, "w0": 18.2, "w1": 16.7, "w2": 15.1, "w3": 13.4, "w4": 11.8, "w5": 10.5, "w6": 9.3, "w7": 8.3, "w8": 7.3, "w9": 6.4, "w10": 5.9, "w11": 5.6, "w12": 16.4, "w13": 25.9}, "geometry": {"type": "Polygon", "coordinates": [[[11.64583, 48.6291], [11.70009, 48.62926], [11.69988, 48.66523], [11.64558, 48.66507], [11.64583, 48.6291]]]}}, {"type": "Feature", "properties": {"d0": 0.0006, "d1": 0.0007, "d2": 0.0009, "d3": 0.001, "d4": 0.0011, "d5": 0.0012, "d6": 0.0013, "d7": 0.0013, "d8": 0.0014, "d9": 0.0013, "d10": 0.0012, "d11": 0.0011, "d12": 0.001, "d13": 0.001, "w0": 15.0, "w1": 13.6, "w2": 12.2, "w3": 10.7, "w4": 9.3, "w5": 8.2, "w6": 7.3, "w7": 6.5, "w8": 5.7, "w9": 4.9, "w10": 4.4, "w11": 4.2, "w12": 16.3, "w13": 27.1}, "geometry": {"type": "Polygon", "coordinates": [[[11.70009, 48.62926], [11.75435, 48.62938], [11.75418, 48.66535], [11.69988, 48.66523], [11.70009, 48.62926]]]}}, {"type": "Feature", "properties": {"d0": 0.0024, "d1": 0.0022, "d2": 0.002, "d3": 0.0019, "d4": 0.0017, "d5": 0.0017, "d6": 0.0016, "d7": 0.0015, "d8": 0.0014, "d9": 0.0013, "d10": 0.0012, "d11": 0.001, "d12": 0.0009, "d13": 0.0009, "w0": 11.5, "w1": 10.3, "w2": 9.1, "w3": 7.8, "w4": 6.7, "w5": 5.8, "w6": 5.1, "w7": 4.4, "w8": 3.8, "w9": 3.3, "w10": 2.9, "w11": 2.7, "w12": 15.3, "w13": 25.9}, "geometry": {"type": "Polygon", "coordinates": [[[11.75435, 48.62938], [11.80862, 48.62949], [11.80848, 48.66546], [11.75418, 48.66535], [11.75435, 48.62938]]]}}, {"type": "Feature", "properties": {"d0": 0.0016, "d1": 0.0014, "d2": 0.0013, "d3": 0.0012, "d4": 0.0011, "d5": 0.001, "d6": 0.001, "d7": 0.001, "d8": 0.0011, "d9": 0.0011, "d10": 0.0011, "d11": 0.001, "d12": 0.001, "d13": 0.001, "w0": 10.0, "w1": 9.2, "w2": 8.4, "w3": 7.4, "w4": 6.6, "w5": 5.9, "w6": 5.3, "w7": 4.8, "w8": 4.3, "w9": 3.8, "w10": 3.4, "w11": 3.2, "w12": 14.9, "w13": 25.4}, "geometry": {"type": "Polygon", "coordinates": [[[11.80862, 48.62949], [11.86288, 48.62956], [11.86279, 48.66553], [11.80848, 48.66546], [11.80862, 48.62949]]]}}, {"type": "Feature", "properties": {"d0": 0.0016, "d1": 0.0015, "d2": 0.0013, "d3": 0.0011, "d4": 0.0009, "d5": 0.0008, "d6": 0.0006, "d7": 0.0006, "d8": 0.0006, "d9": 0.0005, "d10": 0.0005, "d11": 0.0006, "d12": 0.0006, "d13": 0.0006, "w0": 8.3, "w1": 7.6, "w2": 6.9, "w3": 6.1, "w4": 5.4, "w5": 4.9, "w6": 4.4, "w7": 3.9, "w8": 3.5, "w9": 3.1, "w10": 2.8, "w11": 2.6, "w12": 15.4, "w13": 26.8}, "geometry": {"type": "Polygon", "coordinates": [[[11.86288, 48.62956], [11.91715, 48.62962], [11.91709, 48.66559], [11.86279, 48.66553], [11.86288, 48.62956]]]}}, {"type": "Feature", "properties": {"d0": 0.0007, "d1": 0.0006, "d2": 0.0005, "d3": 0.0004, "d4": 0.0003, "d5": 0.0002, "d6": 0.0002, "d7": 0.0001, "d8": 0.0001, "d9": 0.0001, "d10": 0.0001, "d11": 0.0001, "d12": 0.0001, "d13": 0.0002, "w0": 5.9, "w1": 5.2, "w2": 4.6, "w3": 4.0, "w4": 3.4, "w5": 3.0, "w6": 2.6, "w7": 2.3, "w8": 2.0, "w9": 1.7, "w10": 1.5, "w11": 1.4, "w12": 17.0, "w13": 30.0}, "geometry": {"type": "Polygon", "coordinates": [[[11.91715, 48.62962], [11.97141, 48.62964], [11.97139, 48.66561], [11.91709, 48.66559], [11.91715, 48.62962]]]}}, {"type": "Feature", "properties": {"d0": 0.0004, "d1": 0.0004, "d2": 0.0004, "d3": 0.0003, "d4": 0.0003, "d5": 0.0002, "d6": 0.0002, "d7": 0.0001, "d8": 0.0001, "d9": 0.0001, "d10": 0.0001, "d11": 0.0001, "d12": 0.0001, "d13": 0.0001, "w0": 3.8, "w1": 3.5, "w2": 3.1, "w3": 2.7, "w4": 2.3, "w5": 2.1, "w6": 1.8, "w7": 1.6, "w8": 1.4, "w9": 1.2, "w10": 1.1, "w11": 1.1, "w12": 16.2, "w13": 28.9}, "geometry": {"type": "Polygon", "coordinates": [[[11.97141, 48.62964], [12.02568, 48.62964], [12.0257, 48.66561], [11.97139, 48.66561], [11.97141, 48.62964]]]}}, {"type": "Feature", "properties": {"d0": 0.0002, "d1": 0.0002, "d2": 0.0002, "d3": 0.0002, "d4": 0.0002, "d5": 0.0002, "d6": 0.0001, "d7": 0.0001, "d8": 0.0001, "d9": 0.0001, "d10": 0.0001, "d11": 0.0001, "d12": 0.0001, "d13": 0.0001, "w0": 2.4, "w1": 2.2, "w2": 2.0, "w3": 1.7, "w4": 1.6, "w5": 1.4, "w6": 1.3, "w7": 1.2, "w8": 1.0, "w9": 0.9, "w10": 0.9, "w11": 0.9, "w12": 13.4, "w13": 24.1}, "geometry": {"type": "Polygon", "coordinates": [[[12.02568, 48.62964], [12.07994, 48.62962], [12.08, 48.66559], [12.0257, 48.66561], [12.02568, 48.62964]]]}}, {"type": "Feature", "properties": {"d0": 0.0001, "d1": 0.0001, "d2": 0.0001, "d3": 0.0001, "d4": 0.0001, "d5": 0.0001, "d6": 0.0, "d7": 0.0, "d8": 0.0, "d9": 0.0, "d10": 0.0, "d11": 0.0, "d12": 0.0, "d13": 0.0, "w0": 1.5, "w1": 1.4, "w2": 1.2, "w3": 1.1, "w4": 1.0, "w5": 0.9, "w6": 0.8, "w7": 0.8, "w8": 0.7, "w9": 0.6, "w10": 0.8, "w11": 0.8, "w12": 12.5, "w13": 22.6}, "geometry": {"type": "Polygon", "coordinates": [[[12.07994, 48.62962], [12.13421, 48.62957], [12.1343, 48.66554], [12.08, 48.66559], [12.07994, 48.62962]]]}}, {"type": "Feature", "properties": {"d0": 0.0, "d1": 0.0, "d2": 0.0, "d3": 0.0, "d4": 0.0, "d5": 0.0, "d6": 0.0, "d7": 0.0, "d8": 0.0, "d9": 0.0, "d10": 0.0, "d11": 0.0, "d12": 0.0, "d13": 0.0, "w0": 1.8, "w1": 1.6, "w2": 1.5, "w3": 1.3, "w4": 1.1, "w5": 1.0, "w6": 0.9, "w7": 0.8, "w8": 0.7, "w9": 0.6, "w10": 1.3, "w11": 1.8, "w12": 12.6, "w13": 22.1}, "geometry": {"type": "Polygon", "coordinates": [[[12.13421, 48.62957], [12.18847, 48.62949], [12.1886, 48.66546], [12.1343, 48.66554], [12.13421, 48.62957]]]}}, {"type": "Feature", "properties": {"d0": 0.0, "d1": 0.0, "d2": 0.0, "d3": 0.0, "d4": 0.0, "d5": 0.0, "d6": 0.0, "d7": 0.0, "d8": 0.0, "d9": 0.0, "d10": 0.0, "d11": 0.0, "d12": 0.0, "d13": 0.0, "w0": 3.3, "w1": 3.0, "w2": 2.7, "w3": 2.4, "w4": 2.2, "w5": 1.9, "w6": 1.7, "w7": 1.6, "w8": 1.4, "w9": 1.2, "w10": 2.2, "w11": 3.1, "w12": 12.4, "w13": 20.9}, "geometry": {"type": "Polygon", "coordinates": [[[12.18847, 48.62949], [12.24273, 48.62939], [12.24291, 48.66536], [12.1886, 48.66546], [12.18847, 48.62949]]]}}, {"type": "Feature", "properties": {"d0": 0.0003, "d1": 0.0003, "d2": 0.0003, "d3": 0.0002, "d4": 0.0002, "d5": 0.0001, "d6": 0.0001, "d7": 0.0, "d8": 0.0, "d9": 0.0, "d10": 0.0, "d11": 0.0, "d12": 0.0, "d13": 0.0, "w0": 5.9, "w1": 5.4, "w2": 4.8, "w3": 4.2, "w4": 3.7, "w5": 3.3, "w6": 3.0, "w7": 2.7, "w8": 2.4, "w9": 2.1, "w10": 3.2, "w11": 4.4, "w12": 13.1, "w13": 20.9}, "geometry": {"type": "Polygon", "coordinates": [[[12.24273, 48.62939], [12.297, 48.62926], [12.29721, 48.66523], [12.24291, 48.66536], [12.24273, 48.62939]]]}}, {"type": "Feature", "properties": {"d0": 0.0012, "d1": 0.0014, "d2": 0.0015, "d3": 0.0015, "d4": 0.0014, "d5": 0.0013, "d6": 0.0012, "d7": 0.0011, "d8": 0.001, "d9": 0.001, "d10": 0.001, "d11": 0.001, "d12": 0.001, "d13": 0.001, "w0": 9.1, "w1": 8.2, "w2": 7.3, "w3": 6.3, "w4": 5.4, "w5": 4.7, "w6": 4.1, "w7": 3.6, "w8": 3.1, "w9": 2.7, "w10": 4.5, "w11": 6.1, "w12": 15.0, "w13": 22.5}, "geometry": {"type": "Polygon", "coordinates": [[[12.297, 48.62926], [12.35126, 48.62911], [12.35151, 48.66508], [12.29721, 48.66523], [12.297, 48.62926]]]}}, {"type": "Feature", "properties": {"d0": 0.0036, "d1": 0.0037, "d2": 0.0037, "d3": 0.0035, "d4": 0.0033, "d5": 0.003, "d6": 0.0028, "d7": 0.0026, "d8": 0.0025, "d9": 0.0023, "d10": 0.0021, "d11": 0.0018, "d12": 0.0016, "d13": 0.0012, "w0": 13.1, "w1": 11.8, "w2": 10.4, "w3": 9.0, "w4": 7.7, "w5": 6.7, "w6": 5.9, "w7": 5.2, "w8": 4.5, "w9": 3.9, "w10": 6.0, "w11": 7.8, "w12": 16.2, "w13": 22.8}, "geometry": {"type": "Polygon", "coordinates": [[[12.35126, 48.62911], [12.40552, 48.62893], [12.40581, 48.6649], [12.35151, 48.66508], [12.35126, 48.62911]]]}}, {"type": "Feature", "properties": {"d0": 0.0058, "d1": 0.0063, "d2": 0.0065, "d3": 0.0065, "d4": 0.0062, "d5": 0.0059, "d6": 0.0055, "d7": 0.0052, "d8": 0.0048, "d9": 0.0045, "d10": 0.0042, "d11": 0.0039, "d12": 0.0035, "d13": 0.0032, "w0": 14.5, "w1": 12.9, "w2": 11.1, "w3": 9.4, "w4": 7.9, "w5": 6.8, "w6": 5.8, "w7": 5.0, "w8": 4.2, "w9": 3.6, "w10": 5.7, "w11": 7.5, "w12": 16.9, "w13": 24.1}, "geometry": {"type": "Polygon", "coordinates": [[[12.40552, 48.62893], [12.45979, 48.62872], [12.46011, 48.66469], [12.40581, 48.6649], [12.40552, 48.62893]]]}}, {"type": "Feature", "properties": {"d0": 0.0012, "d1": 0.0015, "d2": 0.002, "d3": 0.0023, "d4": 0.0024, "d5": 0.0023, "d6": 0.0022, "d7": 0.0021, "d8": 0.0019, "d9": 0.0019, "d10": 0.0017, "d11": 0.0016, "d12": 0.0015, "d13": 0.0013, "w0": 15.0, "w1": 13.2, "w2": 11.2, "w3": 9.3, "w4": 7.7, "w5": 6.5, "w6": 5.5, "w7": 4.6, "w8": 3.9, "w9": 3.2, "w10": 4.5, "w11": 5.8, "w12": 16.6, "w13": 24.6}, "geometry": {"type": "Polygon", "coordinates": [[[12.45979, 48.62872], [12.51405, 48.6285], [12.51441, 48.66446], [12.46011, 48.66469], [12.45979, 48.62872]]]}}, {"type": "Feature", "properties": {"d0": 0.0006, "d1": 0.0008, "d2": 0.0014, "d3": 0.002, "d4": 0.0023, "d5": 0.0026, "d6": 0.0027, "d7": 0.0027, "d8": 0.0027, "d9": 0.0027, "d10": 0.0027, "d11": 0.0026, "d12": 0.0025, "d13": 0.0024, "w0": 17.0, "w1": 15.4, "w2": 13.3, "w3": 11.2, "w4": 9.5, "w5": 8.2, "w6": 7.0, "w7": 6.0, "w8": 5.1, "w9": 4.3, "w10": 4.1, "w11": 4.3, "w12": 15.3, "w13": 24.1}, "geometry": {"type": "Polygon", "coordinates": [[[12.51405, 48.6285], [12.56831, 48.62824], [12.56871, 48.66421], [12.51441, 48.66446], [12.51405, 48.6285]]]}}, {"type": "Feature", "properties": {"d0": 0.0007, "d1": 0.0009, "d2": 0.0012, "d3": 0.0016, "d4": 0.0019, "d5": 0.0, "d6": 0.0, "d7": 0.0, "d8": 0.0026, "d9": 0.0026, "d10": 0.0027, "d11": 0.0028, "d12": 0.0028, "d13": 0.0028, "w0": 22.7, "w1": 21.0, "w2": 18.8, "w3": 16.5, "w4": 14.6, "w5": 13.0, "w6": 11.6, "w7": 10.3, "w8": 9.1, "w9": 7.9, "w10": 7.8, "w11": 8.2, "w12": 16.8, "w13": 24.2}, "geometry": {"type": "Polygon", "coordinates": [[[12.56831, 48.62824], [12.62257, 48.62796], [12.62301, 48.66393], [12.56871, 48.66421], [12.56831, 48.62824]]]}}, {"type": "Feature", "properties": {"d0": 0.0001, "d1": 0.0001, "d2": 0.0002, "d3": 0.0003, "d4": 0.0004, "d5": 0.0004, "d6": 0.0005, "d7": 0.0005, "d8": 0.0005, "d9": 0.0006, "d10": 0.0006, "d11": 0.0006, "d12": 0.0006, "d13": 0.0006, "w0": 22.4, "w1": 20.8, "w2": 18.7, "w3": 16.4, "w4": 14.5, "w5": 13.0, "w6": 11.6, "w7": 10.4, "w8": 9.2, "w9": 8.0, "w10": 8.4, "w11": 9.1, "w12": 18.0, "w13": 25.6}, "geometry": {"type": "Polygon", "coordinates": [[[12.62257, 48.62796], [12.67683, 48.62765], [12.67731, 48.66362], [12.62301, 48.66393], [12.62257, 48.62796]]]}}, {"type": "Feature", "properties": {"d0": 0.0001, "d1": 0.0001, "d2": 0.0002, "d3": 0.0002, "d4": 0.0003, "d5": 0.0003, "d6": 0.0003, "d7": 0.0003, "d8": 0.0003, "d9": 0.0004, "d10": 0.0004, "d11": 0.0004, "d12": 0.0004, "d13": 0.0004, "w0": 14.6, "w1": 13.4, "w2": 12.0, "w3": 10.5, "w4": 9.2, "w5": 8.2, "w6": 7.3, "w7": 6.4, "w8": 5.7, "w9": 5.0, "w10": 5.4, "w11": 6.0, "w12": 15.6, "w13": 23.7}, "geometry": {"type": "Polygon", "coordinates": [[[12.67683, 48.62765], [12.73109, 48.62732], [12.73161, 48.66329], [12.67731, 48.66362], [12.67683, 48.62765]]]}}, {"type": "Feature", "properties": {"d0": 0.0013, "d1": 0.0013, "d2": 0.0014, "d3": 0.0023, "d4": 0.0035, "d5": 0.0038, "d6": 0.0041, "d7": 0.0042, "d8": 0.0043, "d9": 0.0042, "d10": 0.004, "d11": 0.0038, "d12": 0.0037, "d13": 0.0035, "w0": 25.6, "w1": 23.8, "w2": 21.7, "w3": 18.9, "w4": 16.4, "w5": 14.4, "w6": 12.8, "w7": 11.2, "w8": 9.8, "w9": 8.5, "w10": 7.6, "w11": 8.2, "w12": 16.6, "w13": 22.2}, "geometry": {"type": "Polygon", "coordinates": [[[11.42837, 48.6642], [11.48267, 48.66446], [11.48231, 48.70043], [11.42797, 48.70017], [11.42837, 48.6642]]]}}, {"type": "Feature", "properties": {"d0": 0.0, "d1": 0.0, "d2": 0.0, "d3": 0.0, "d4": 0.0, "d5": 0.0, "d6": 0.0, "d7": 0.0, "d8": 0.004, "d9": 0.0042, "d10": 0.0042, "d11": 0.0041, "d12": 0.004, "d13": 0.0039, "w0": 27.1, "w1": 25.5, "w2": 23.6, "w3": 21.1, "w4": 18.7, "w5": 16.7, "w6": 15.0, "w7": 13.4, "w8": 12.0, "w9": 10.6, "w10": 9.6, "w11": 9.7, "w12": 18.4, "w13": 25.0}, "geometry": {"type": "Polygon", "coordinates": [[[11.48267, 48.66446], [11.53697, 48.66469], [11.53664, 48.70066], [11.48231, 48.70043], [11.48267, 48.66446]]]}}, {"type": "Feature", "properties": {"d0": 0.0, "d1": 0.0, "d2": 0.0, "d3": 0.0, "d4": 0.0, "d5": 0.0, "d6": 0.0, "d7": 0.0, "d8": 0.0008, "d9": 0.0009, "d10": 0.0009, "d11": 0.0009, "d12": 0.0009, "d13": 0.0008, "w0": 24.4, "w1": 23.1, "w2": 21.7, "w3": 19.8, "w4": 18.0, "w5": 16.4, "w6": 15.1, "w7": 13.7, "w8": 12.5, "w9": 11.3, "w10": 10.5, "w11": 10.2, "w12": 17.5, "w13": 23.9}, "geometry": {"type": "Polygon", "coordinates": [[[11.53697, 48.66469], [11.59127, 48.66489], [11.59098, 48.70086], [11.53664, 48.70066], [11.53697, 48.66469]]]}}, {"type": "Feature", "properties": {"d0": 0.0003, "d1": 0.0003, "d2": 0.0005, "d3": 0.0006, "d4": 0.0008, "d5": 0.0009, "d6": 0.0009, "d7": 0.001, "d8": 0.001, "d9": 0.001, "d10": 0.0009, "d11": 0.0009, "d12": 0.0008, "d13": 0.0007, "w0": 28.1, "w1": 25.6, "w2": 22.8, "w3": 19.5, "w4": 16.6, "w5": 14.2, "w6": 12.3, "w7": 10.6, "w8": 9.0, "w9": 7.6, "w10": 7.8, "w11": 8.1, "w12": 18.6, "w13": 27.1}, "geometry": {"type": "Polygon", "coordinates": [[[11.59127, 48.66489], [11.64558, 48.66507], [11.64532, 48.70104], [11.59098, 48.70086], [11.59127, 48.66489]]]}}, {"type": "Feature", "properties": {"d0": 0.0003, "d1": 0.0004, "d2": 0.0005, "d3": 0.0007, "d4": 0.0009, "d5": 0.001, "d6": 0.0011, "d7": 0.0012, "d8": 0.0012, "d9": 0.0012, "d10": 0.0012, "d11": 0.0011, "d12": 0.0011, "d13": 0.001, "w0": 22.6, "w1": 20.5, "w2": 18.1, "w3": 15.6, "w4": 13.3, "w5": 11.6, "w6": 10.1, "w7": 8.7, "w8": 7.5, "w9": 6.4, "w10": 6.1, "w11": 5.9, "w12": 17.0, "w13": 26.7}, "geometry": {"type": "Polygon", "coordinates": [[[11.64558, 48.66507], [11.69988, 48.66523], [11.69966, 48.7012], [11.64532, 48.70104], [11.64558, 48.66507]]]}}, {"type": "Feature", "properties": {"d0": 0.0008, "d1": 0.0008, "d2": 0.0008, "d3": 0.0008, "d4": 0.0009, "d5": 0.0009, "d6": 0.001, "d7": 0.001, "d8": 0.0011, "d9": 0.001, "d10": 0.001, "d11": 0.0009, "d12": 0.0009, "d13": 0.0008, "w0": 15.5, "w1": 14.0, "w2": 12.4, "w3": 10.8, "w4": 9.3, "w5": 8.1, "w6": 7.2, "w7": 6.3, "w8": 5.4, "w9": 4.7, "w10": 4.2, "w11": 4.0, "w12": 15.1, "w13": 25.0}, "geometry": {"type": "Polygon", "coordinates": [[[11.69988, 48.66523], [11.75418, 48.66535], [11.75401, 48.70132], [11.69966, 48.7012], [11.69988, 48.66523]]]}}, {"type": "Feature", "properties": {"d0": 0.0014, "d1": 0.0014, "d2": 0.0013, "d3": 0.0013, "d4": 0.0013, "d5": 0.0014, "d6": 0.0014, "d7": 0.0015, "d8": 0.0015, "d9": 0.0015, "d10": 0.0014, "d11": 0.0013, "d12": 0.0012, "d13": 0.0012, "w0": 11.2, "w1": 10.1, "w2": 9.0, "w3": 7.8, "w4": 6.7, "w5": 5.8, "w6": 5.1, "w7": 4.5, "w8": 3.9, "w9": 3.3, "w10": 3.0, "w11": 2.8, "w12": 13.8, "w13": 23.6}, "geometry": {"type": "Polygon", "coordinates": [[[11.75418, 48.66535], [11.80848, 48.66546], [11.80835, 48.70143], [11.75401, 48.70132], [11.75418, 48.66535]]]}}, {"type": "Feature", "properties": {"d0": 0.0017, "d1": 0.0016, "d2": 0.0014, "d3": 0.0013, "d4": 0.0012, "d5": 0.0011, "d6": 0.0011, "d7": 0.0011, "d8": 0.001, "d9": 0.001, "d10": 0.001, "d11": 0.0009, "d12": 0.0008, "d13": 0.0008, "w0": 8.5, "w1": 7.7, "w2": 6.8, "w3": 5.8, "w4": 5.0, "w5": 4.4, "w6": 3.8, "w7": 3.4, "w8": 2.9, "w9": 2.5, "w10": 2.2, "w11": 2.0, "w12": 13.3, "w13": 23.1}, "geometry": {"type": "Polygon", "coordinates": [[[11.80848, 48.66546], [11.86279, 48.66553], [11.86269, 48.7015], [11.80835, 48.70143], [11.80848, 48.66546]]]}}, {"type": "Feature", "properties": {"d0": 0.0028, "d1": 0.0025, "d2": 0.0022, "d3": 0.0019, "d4": 0.0016, "d5": 0.0014, "d6": 0.0012, "d7": 0.0011, "d8": 0.001, "d9": 0.0009, "d10": 0.0008, "d11": 0.0007, "d12": 0.0007, "d13": 0.0006, "w0": 6.9, "w1": 6.3, "w2": 5.6, "w3": 5.0, "w4": 4.3, "w5": 3.8, "w6": 3.4, "w7": 3.0, "w8": 2.7, "w9": 2.4, "w10": 2.1, "w11": 2.0, "w12": 13.5, "w13": 23.5}, "geometry": {"type": "Polygon", "coordinates": [[[11.86279, 48.66553], [11.91709, 48.66559], [11.91703, 48.70156], [11.86269, 48.7015], [11.86279, 48.66553]]]}}, {"type": "Feature", "properties": {"d0": 0.0024, "d1": 0.0022, "d2": 0.002, "d3": 0.0019, "d4": 0.0016, "d5": 0.0014, "d6": 0.0013, "d7": 0.0011, "d8": 0.001, "d9": 0.001, "d10": 0.0009, "d11": 0.0008, "d12": 0.0008, "d13": 0.0009, "w0": 5.0, "w1": 4.6, "w2": 4.2, "w3": 3.8, "w4": 3.4, "w5": 3.0, "w6": 2.7, "w7": 2.5, "w8": 2.2, "w9": 2.0, "w10": 1.8, "w11": 1.7, "w12": 13.7, "w13": 24.6}, "geometry": {"type": "Polygon", "coordinates": [[[11.91709, 48.66559], [11.97139, 48.66561], [11.97137, 48.70158], [11.91703, 48.70156], [11.91709, 48.66559]]]}}, {"type": "Feature", "properties": {"d0": 0.0004, "d1": 0.0004, "d2": 0.0004, "d3": 0.0003, "d4": 0.0003, "d5": 0.0002, "d6": 0.0002, "d7": 0.0002, "d8": 0.0001, "d9": 0.0001, "d10": 0.0001, "d11": 0.0002, "d12": 0.0002, "d13": 0.0002, "w0": 3.1, "w1": 2.8, "w2": 2.4, "w3": 2.1, "w4": 1.8, "w5": 1.6, "w6": 1.4, "w7": 1.2, "w8": 1.1, "w9": 0.9, "w10": 0.8, "w11": 0.8, "w12": 15.1, "w13": 27.6}, "geometry": {"type": "Polygon", "coordinates": [[[11.97139, 48.66561], [12.0257, 48.66561], [12.02571, 48.70158], [11.97137, 48.70158], [11.97139, 48.66561]]]}}, {"type": "Feature", "properties": {"d0": 0.0002, "d1": 0.0002, "d2": 0.0002, "d3": 0.0002, "d4": 0.0002, "d5": 0.0001, "d6": 0.0001, "d7": 0.0001, "d8": 0.0001, "d9": 0.0001, "d10": 0.0001, "d11": 0.0001, "d12": 0.0001, "d13": 0.0001, "w0": 2.4, "w1": 2.2, "w2": 1.9, "w3": 1.7, "w4": 1.5, "w5": 1.4, "w6": 1.2, "w7": 1.1, "w8": 1.0, "w9": 0.8, "w10": 0.8, "w11": 0.7, "w12": 13.3, "w13": 24.1}, "geometry": {"type": "Polygon", "coordinates": [[[12.0257, 48.66561], [12.08, 48.66559], [12.08006, 48.70156], [12.02571, 48.70158], [12.0257, 48.66561]]]}}, {"type": "Feature", "properties": {"d0": 0.0001, "d1": 0.0001, "d2": 0.0001, "d3": 0.0001, "d4": 0.0001, "d5": 0.0001, "d6": 0.0001, "d7": 0.0001, "d8": 0.0001, "d9": 0.0001, "d10": 0.0001, "d11": 0.0001, "d12": 0.0001, "d13": 0.0001, "w0": 1.6, "w1": 1.5, "w2": 1.4, "w3": 1.2, "w4": 1.1, "w5": 1.0, "w6": 0.9, "w7": 0.8, "w8": 0.7, "w9": 0.6, "w10": 0.6, "w11": 0.6, "w12": 11.9, "w13": 22.1}, "geometry": {"type": "Polygon", "coordinates": [[[12.08, 48.66559], [12.1343, 48.66554], [12.1344, 48.70151], [12.08006, 48.70156], [12.08, 48.66559]]]}}, {"type": "Feature", "properties": {"d0": 0.0002, "d1": 0.0002, "d2": 0.0002, "d3": 0.0002, "d4": 0.0001, "d5": 0.0, "d6": 0.0, "d7": 0.0, "d8": 0.0, "d9": 0.0, "d10": 0.0, "d11": 0.0, "d12": 0.0, "d13": 0.0, "w0": 1.5, "w1": 1.4, "w2": 1.3, "w3": 1.1, "w4": 1.0, "w5": 0.9, "w6": 0.9, "w7": 0.8, "w8": 0.7, "w9": 0.6, "w10": 0.6, "w11": 0.6, "w12": 10.8, "w13": 20.1}, "geometry": {"type": "Polygon", "coordinates": [[[12.1343, 48.66554], [12.1886, 48.66546], [12.18874, 48.70143], [12.1344, 48.70151], [12.1343, 48.66554]]]}}, {"type": "Feature", "properties": {"d0": 0.0001, "d1": 0.0001, "d2": 0.0, "d3": 0.0, "d4": 0.0, "d5": 0.0, "d6": 0.0, "d7": 0.0, "d8": 0.0, "d9": 0.0, "d10": 0.0, "d11": 0.0, "d12": 0.0, "d13": 0.0, "w0": 2.3, "w1": 2.1, "w2": 1.9, "w3": 1.6, "w4": 1.4, "w5": 1.3, "w6": 1.1, "w7": 1.0, "w8": 0.9, "w9": 0.8, "w10": 1.3, "w11": 1.6, "w12": 11.7, "w13": 20.5}, "geometry": {"type": "Polygon", "coordinates": [[[12.1886, 48.66546], [12.24291, 48.66536], [12.24308, 48.70133], [12.18874, 48.70143], [12.1886, 48.66546]]]}}, {"type": "Feature", "properties": {"d0": 0.0001, "d1": 0.0001, "d2": 0.0001, "d3": 0.0001, "d4": 0.0001, "d5": 0.0001, "d6": 0.0, "d7": 0.0, "d8": 0.0, "d9": 0.0, "d10": 0.0, "d11": 0.0, "d12": 0.0, "d13": 0.0001, "w0": 4.6, "w1": 4.2, "w2": 3.8, "w3": 3.4, "w4": 3.0, "w5": 2.7, "w6": 2.4, "w7": 2.2, "w8": 1.9, "w9": 1.7, "w10": 2.1, "w11": 2.5, "w12": 11.6, "w13": 19.8}, "geometry": {"type": "Polygon", "coordinates": [[[12.24291, 48.66536], [12.29721, 48.66523], [12.29742, 48.7012], [12.24308, 48.70133], [12.24291, 48.66536]]]}}, {"type": "Feature", "properties": {"d0": 0.0002, "d1": 0.0002, "d2": 0.0002, "d3": 0.0002, "d4": 0.0002, "d5": 0.0001, "d6": 0.0001, "d7": 0.0001, "d8": 0.0001, "d9": 0.0001, "d10": 0.0001, "d11": 0.0001, "d12": 0.0001, "d13": 0.0001, "w0": 7.5, "w1": 6.8, "w2": 6.1, "w3": 5.4, "w4": 4.7, "w5": 4.2, "w6": 3.8, "w7": 3.4, "w8": 3.0, "w9": 2.6, "w10": 3.5, "w11": 4.4, "w12": 13.2, "w13": 20.8}, "geometry": {"type": "Polygon", "coordinates": [[[12.29721, 48.66523], [12.35151, 48.66508], [12.35176, 48.70105], [12.29742, 48.7012], [12.29721, 48.66523]]]}}, {"type": "Feature", "properties": {"d0": 0.0011, "d1": 0.0012, "d2": 0.0013, "d3": 0.0014, "d4": 0.0013, "d5": 0.0011, "d6": 0.001, "d7": 0.0009, "d8": 0.0008, "d9": 0.0007, "d10": 0.0007, "d11": 0.0006, "d12": 0.0006, "d13": 0.0006, "w0": 11.5, "w1": 10.6, "w2": 9.7, "w3": 8.6, "w4": 7.7, "w5": 6.9, "w6": 6.2, "w7": 5.6, "w8": 5.0, "w9": 4.5, "w10": 4.9, "w11": 5.7, "w12": 13.9, "w13": 21.2}, "geometry": {"type": "Polygon", "coordinates": [[[12.35151, 48.66508], [12.40581, 48.6649], [12.4061, 48.70087], [12.35176, 48.70105], [12.35151, 48.66508]]]}}, {"type": "Feature", "properties": {"d0": 0.0027, "d1": 0.0028, "d2": 0.0029, "d3": 0.0028, "d4": 0.0026, "d5": 0.0024, "d6": 0.0022, "d7": 0.0019, "d8": 0.0017, "d9": 0.0016, "d10": 0.0014, "d11": 0.0013, "d12": 0.0012, "d13": 0.0012, "w0": 12.7, "w1": 11.7, "w2": 10.5, "w3": 9.2, "w4": 8.1, "w5": 7.2, "w6": 6.4, "w7": 5.7, "w8": 5.0, "w9": 4.4, "w10": 4.6, "w11": 5.0, "w12": 13.5, "w13": 21.1}, "geometry": {"type": "Polygon", "coordinates": [[[12.40581, 48.6649], [12.46011, 48.66469], [12.46044, 48.70066], [12.4061, 48.70087], [12.40581, 48.6649]]]}}, {"type": "Feature", "properties": {"d0": 0.0007, "d1": 0.0008, "d2": 0.0009, "d3": 0.001, "d4": 0.001, "d5": 0.001, "d6": 0.0009, "d7": 0.0008, "d8": 0.0007, "d9": 0.0007, "d10": 0.0007, "d11": 0.0006, "d12": 0.0006, "d13": 0.0006, "w0": 13.5, "w1": 12.3, "w2": 10.9, "w3": 9.4, "w4": 8.1, "w5": 7.1, "w6": 6.2, "w7": 5.4, "w8": 4.7, "w9": 4.1, "w10": 3.9, "w11": 4.0, "w12": 13.3, "w13": 21.0}, "geometry": {"type": "Polygon", "coordinates": [[[12.46011, 48.66469], [12.51441, 48.66446], [12.51478, 48.70043], [12.46044, 48.70066], [12.46011, 48.66469]]]}}, {"type": "Feature", "properties": {"d0": 0.0012, "d1": 0.0014, "d2": 0.0015, "d3": 0.0017, "d4": 0.0017, "d5": 0.0018, "d6": 0.0018, "d7": 0.0017, "d8": 0.0017, "d9": 0.0017, "d10": 0.0016, "d11": 0.0015, "d12": 0.0014, "d13": 0.0013, "w0": 16.2, "w1": 15.1, "w2": 13.5, "w3": 11.8, "w4": 10.4, "w5": 9.3, "w6": 8.3, "w7": 7.4, "w8": 6.5, "w9": 5.7, "w10": 5.2, "w11": 4.8, "w12": 13.1, "w13": 20.2}, "geometry": {"type": "Polygon", "coordinates": [[[12.51441, 48.66446], [12.56871, 48.66421], [12.56912, 48.70018], [12.51478, 48.70043], [12.51441, 48.66446]]]}}, {"type": "Feature", "properties": {"d0": 0.0006, "d1": 0.0008, "d2": 0.0011, "d3": 0.0014, "d4": 0.0016, "d5": 0.0018, "d6": 0.0019, "d7": 0.002, "d8": 0.002, "d9": 0.002, "d10": 0.002, "d11": 0.0019, "d12": 0.0018, "d13": 0.0017, "w0": 21.9, "w1": 20.0, "w2": 17.6, "w3": 15.1, "w4": 13.1, "w5": 11.6, "w6": 10.1, "w7": 8.8, "w8": 7.6, "w9": 6.5, "w10": 5.8, "w11": 5.5, "w12": 15.0, "w13": 22.4}, "geometry": {"type": "Polygon", "coordinates": [[[12.56871, 48.66421], [12.62301, 48.66393], [12.62346, 48.6999], [12.56912, 48.70018], [12.56871, 48.66421]]]}}, {"type": "Feature", "properties": {"d0": 0.0007, "d1": 0.001, "d2": 0.0014, "d3": 0.0018, "d4": 0.0023, "d5": 0.0028, "d6": 0.0032, "d7": 0.0035, "d8": 0.0037, "d9": 0.0038, "d10": 0.0039, "d11": 0.004, "d12": 0.004, "d13": 0.0039, "w0": 21.8, "w1": 19.7, "w2": 17.2, "w3": 14.6, "w4": 12.4, "w5": 10.8, "w6": 9.4, "w7": 8.0, "w8": 6.9, "w9": 5.8, "w10": 5.3, "w11": 5.1, "w12": 16.1, "w13": 25.0}, "geometry": {"type": "Polygon", "coordinates": [[[12.62301, 48.66393], [12.67731, 48.66362], [12.67779, 48.69959], [12.62346, 48.6999], [12.62301, 48.66393]]]}}, {"type": "Feature", "properties": {"d0": 0.0, "d1": 0.0, "d2": 0.0, "d3": 0.0, "d4": 0.0007, "d5": 0.001, "d6": 0.0014, "d7": 0.0016, "d8": 0.0018, "d9": 0.002, "d10": 0.0021, "d11": 0.0022, "d12": 0.0022, "d13": 0.0021, "w0": 14.7, "w1": 13.1, "w2": 11.2, "w3": 9.4, "w4": 7.9, "w5": 6.8, "w6": 5.9, "w7": 5.0, "w8": 4.2, "w9": 3.5, "w10": 3.8, "w11": 4.0, "w12": 16.2, "w13": 26.1}, "geometry": {"type": "Polygon", "coordinates": [[[12.67731, 48.66362], [12.73161, 48.66329], [12.73213, 48.69926], [12.67779, 48.69959], [12.67731, 48.66362]]]}}, {"type": "Feature", "properties": {"d0": 0.0002, "d1": 0.0001, "d2": 0.0001, "d3": 0.0031, "d4": 0.004, "d5": 0.0045, "d6": 0.005, "d7": 0.0053, "d8": 0.0056, "d9": 0.0056, "d10": 0.0056, "d11": 0.0055, "d12": 0.0055, "d13": 0.0055, "w0": 31.0, "w1": 28.6, "w2": 25.9, "w3": 22.5, "w4": 19.4, "w5": 16.9, "w6": 14.9, "w7": 13.0, "w8": 11.3, "w9": 9.8, "w10": 8.7, "w11": 8.3, "w12": 15.9, "w13": 21.6}, "geometry": {"type": "Polygon", "coordinates": [[[11.42797, 48.70017], [11.48231, 48.70043], [11.48194, 48.73639], [11.42756, 48.73614], [11.42797, 48.70017]]]}}, {"type": "Feature", "properties": {"d0": 0.0013, "d1": 0.0013, "d2": 0.0017, "d3": 0.0022, "d4": 0.0026, "d5": 0.0029, "d6": 0.0032, "d7": 0.0035, "d8": 0.0036, "d9": 0.0037, "d10": 0.0037, "d11": 0.0036, "d12": 0.0036, "d13": 0.0036, "w0": 23.3, "w1": 22.1, "w2": 20.6, "w3": 18.9, "w4": 17.1, "w5": 15.7, "w6": 14.4, "w7": 13.2, "w8": 12.0, "w9": 10.9, "w10": 10.1, "w11": 9.8, "w12": 15.0, "w13": 19.2}, "geometry": {"type": "Polygon", "coordinates": [[[11.48231, 48.70043], [11.53664, 48.70066], [11.53631, 48.73662], [11.48194, 48.73639], [11.48231, 48.70043]]]}}, {"type": "Feature", "properties": {"d0": 0.0014, "d1": 0.0013, "d2": 0.0013, "d3": 0.0013, "d4": 0.0, "d5": 0.0, "d6": 0.0, "d7": 0.0, "d8": 0.0016, "d9": 0.0017, "d10": 0.0018, "d11": 0.0018, "d12": 0.0019, "d13": 0.0019, "w0": 19.2, "w1": 18.0, "w2": 16.7, "w3": 15.2, "w4": 13.5, "w5": 12.1, "w6": 10.8, "w7": 9.6, "w8": 8.6, "w9": 7.5, "w10": 6.9, "w11": 6.5, "w12": 11.8, "w13": 16.7}, "geometry": {"type": "Polygon", "coordinates": [[[11.53664, 48.70066], [11.59098, 48.70086], [11.59069, 48.73683], [11.53631, 48.73662], [11.53664, 48.70066]]]}}, {"type": "Feature", "properties": {"d0": 0.0, "d1": 0.0, "d2": 0.0, "d3": 0.0, "d4": 0.0, "d5": 0.0, "d6": 0.0, "d7": 0.0015, "d8": 0.0016, "d9": 0.0017, "d10": 0.0017, "d11": 0.0017, "d12": 0.0016, "d13": 0.0016, "w0": 17.6, "w1": 16.5, "w2": 15.3, "w3": 13.8, "w4": 12.4, "w5": 11.3, "w6": 10.2, "w7": 9.3, "w8": 8.3, "w9": 7.5, "w10": 7.0, "w11": 6.7, "w12": 12.2, "w13": 17.3}, "geometry": {"type": "Polygon", "coordinates": [[[11.59098, 48.70086], [11.64532, 48.70104], [11.64507, 48.73701], [11.59069, 48.73683], [11.59098, 48.70086]]]}}, {"type": "Feature", "properties": {"d0": 0.0013, "d1": 0.0016, "d2": 0.0028, "d3": 0.004, "d4": 0.0048, "d5": 0.0053, "d6": 0.0058, "d7": 0.0062, "d8": 0.0066, "d9": 0.0067, "d10": 0.0067, "d11": 0.0066, "d12": 0.0066, "d13": 0.0065, "w0": 18.9, "w1": 17.5, "w2": 15.9, "w3": 14.2, "w4": 12.7, "w5": 11.4, "w6": 10.3, "w7": 9.3, "w8": 8.3, "w9": 7.3, "w10": 6.7, "w11": 6.4, "w12": 14.4, "w13": 22.7}, "geometry": {"type": "Polygon", "coordinates": [[[11.64532, 48.70104], [11.69966, 48.7012], [11.69945, 48.73716], [11.64507, 48.73701], [11.64532, 48.70104]]]}}, {"type": "Feature", "properties": {"d0": 0.006, "d1": 0.006, "d2": 0.006, "d3": 0.0061, "d4": 0.0062, "d5": 0.0064, "d6": 0.0066, "d7": 0.0068, "d8": 0.0069, "d9": 0.0069, "d10": 0.0067, "d11": 0.0066, "d12": 0.0064, "d13": 0.0064, "w0": 15.3, "w1": 14.4, "w2": 13.4, "w3": 12.2, "w4": 11.1, "w5": 10.1, "w6": 9.3, "w7": 8.5, "w8": 7.8, "w9": 7.0, "w10": 6.5, "w11": 6.2, "w12": 14.3, "w13": 22.9}, "geometry": {"type": "Polygon", "coordinates": [[[11.69966, 48.7012], [11.75401, 48.70132], [11.75383, 48.73729], [11.69945, 48.73716], [11.69966, 48.7012]]]}}, {"type": "Feature", "properties": {"d0": 0.0066, "d1": 0.0064, "d2": 0.0062, "d3": 0.0061, "d4": 0.0061, "d5": 0.006, "d6": 0.006, "d7": 0.0061, "d8": 0.0062, "d9": 0.0061, "d10": 0.0059, "d11": 0.0056, "d12": 0.0055, "d13": 0.0054, "w0": 11.3, "w1": 10.6, "w2": 9.7, "w3": 8.7, "w4": 7.8, "w5": 7.1, "w6": 6.5, "w7": 5.9, "w8": 5.3, "w9": 4.7, "w10": 4.3, "w11": 4.1, "w12": 13.1, "w13": 22.3}, "geometry": {"type": "Polygon", "coordinates": [[[11.75401, 48.70132], [11.80835, 48.70143], [11.80821, 48.7374], [11.75383, 48.73729], [11.75401, 48.70132]]]}}, {"type": "Feature", "properties": {"d0": 0.0029, "d1": 0.0026, "d2": 0.0023, "d3": 0.0021, "d4": 0.0019, "d5": 0.0018, "d6": 0.0017, "d7": 0.0017, "d8": 0.0017, "d9": 0.0016, "d10": 0.0015, "d11": 0.0014, "d12": 0.0013, "d13": 0.0013, "w0": 8.3, "w1": 7.4, "w2": 6.5, "w3": 5.5, "w4": 4.7, "w5": 4.1, "w6": 3.5, "w7": 3.0, "w8": 2.6, "w9": 2.2, "w10": 1.9, "w11": 1.8, "w12": 13.1, "w13": 22.9}, "geometry": {"type": "Polygon", "coordinates": [[[11.80835, 48.70143], [11.86269, 48.7015], [11.86259, 48.73747], [11.80821, 48.7374], [11.80835, 48.70143]]]}}, {"type": "Feature", "properties": {"d0": 0.0028, "d1": 0.0026, "d2": 0.0024, "d3": 0.0022, "d4": 0.002, "d5": 0.0019, "d6": 0.0017, "d7": 0.0017, "d8": 0.0016, "d9": 0.0015, "d10": 0.0014, "d11": 0.0013, "d12": 0.0013, "d13": 0.0012, "w0": 7.2, "w1": 6.6, "w2": 5.9, "w3": 5.2, "w4": 4.6, "w5": 4.1, "w6": 3.6, "w7": 3.2, "w8": 2.8, "w9": 2.5, "w10": 2.2, "w11": 2.1, "w12": 12.9, "w13": 22.7}, "geometry": {"type": "Polygon", "coordinates": [[[11.86269, 48.7015], [11.91703, 48.70156], [11.91697, 48.73753], [11.86259, 48.73747], [11.86269, 48.7015]]]}}, {"type": "Feature", "properties": {"d0": 0.0027, "d1": 0.0026, "d2": 0.0025, "d3": 0.0024, "d4": 0.0023, "d5": 0.0022, "d6": 0.002, "d7": 0.0019, "d8": 0.0018, "d9": 0.0018, "d10": 0.0017, "d11": 0.0016, "d12": 0.0016, "d13": 0.0016, "w0": 5.9, "w1": 5.5, "w2": 5.1, "w3": 4.6, "w4": 4.1, "w5": 3.7, "w6": 3.4, "w7": 3.1, "w8": 2.8, "w9": 2.5, "w10": 2.3, "w11": 2.1, "w12": 13.0, "w13": 23.3}, "geometry": {"type": "Polygon", "coordinates": [[[11.91703, 48.70156], [11.97137, 48.70158], [11.97135, 48.73755], [11.91697, 48.73753], [11.91703, 48.70156]]]}}, {"type": "Feature", "properties": {"d0": 0.0009, "d1": 0.0009, "d2": 0.0009, "d3": 0.0009, "d4": 0.0008, "d5": 0.0007, "d6": 0.0007, "d7": 0.0006, "d8": 0.0006, "d9": 0.0006, "d10": 0.0006, "d11": 0.0006, "d12": 0.0006, "d13": 0.0006, "w0": 4.4, "w1": 4.0, "w2": 3.5, "w3": 3.1, "w4": 2.7, "w5": 2.4, "w6": 2.1, "w7": 1.8, "w8": 1.6, "w9": 1.4, "w10": 1.2, "w11": 1.1, "w12": 14.0, "w13": 25.2}, "geometry": {"type": "Polygon", "coordinates": [[[11.97137, 48.70158], [12.02571, 48.70158], [12.02573, 48.73755], [11.97135, 48.73755], [11.97137, 48.70158]]]}}, {"type": "Feature", "properties": {"d0": 0.0002, "d1": 0.0002, "d2": 0.0003, "d3": 0.0003, "d4": 0.0002, "d5": 0.0002, "d6": 0.0002, "d7": 0.0002, "d8": 0.0002, "d9": 0.0002, "d10": 0.0002, "d11": 0.0002, "d12": 0.0002, "d13": 0.0002, "w0": 3.4, "w1": 3.1, "w2": 2.7, "w3": 2.4, "w4": 2.1, "w5": 1.8, "w6": 1.6, "w7": 1.5, "w8": 1.3, "w9": 1.1, "w10": 1.0, "w11": 0.9, "w12": 13.3, "w13": 24.1}, "geometry": {"type": "Polygon", "coordinates": [[[12.02571, 48.70158], [12.08006, 48.70156], [12.08011, 48.73753], [12.02573, 48.73755], [12.02571, 48.70158]]]}}, {"type": "Feature", "properties": {"d0": 0.0001, "d1": 0.0001, "d2": 0.0002, "d3": 0.0002, "d4": 0.0002, "d5": 0.0002, "d6": 0.0002, "d7": 0.0002, "d8": 0.0002, "d9": 0.0002, "d10": 0.0002, "d11": 0.0001, "d12": 0.0001, "d13": 0.0001, "w0": 2.3, "w1": 2.1, "w2": 1.9, "w3": 1.6, "w4": 1.5, "w5": 1.3, "w6": 1.2, "w7": 1.1, "w8": 0.9, "w9": 0.8, "w10": 0.8, "w11": 0.7, "w12": 11.4, "w13": 20.8}, "geometry": {"type": "Polygon", "coordinates": [[[12.08006, 48.70156], [12.1344, 48.70151], [12.13449, 48.73748], [12.08011, 48.73753], [12.08006, 48.70156]]]}}, {"type": "Feature", "properties": {"d0": 0.0001, "d1": 0.0001, "d2": 0.0001, "d3": 0.0001, "d4": 0.0001, "d5": 0.0001, "d6": 0.0, "d7": 0.0, "d8": 0.0, "d9": 0.0, "d10": 0.0, "d11": 0.0, "d12": 0.0, "d13": 0.0, "w0": 1.8, "w1": 1.7, "w2": 1.5, "w3": 1.4, "w4": 1.2, "w5": 1.1, "w6": 1.0, "w7": 0.9, "w8": 0.8, "w9": 0.7, "w10": 0.7, "w11": 0.6, "w12": 10.2, "w13": 18.8}, "geometry": {"type": "Polygon", "coordinates": [[[12.1344, 48.70151], [12.18874, 48.70143], [12.18887, 48.7374], [12.13449, 48.73748], [12.1344, 48.70151]]]}}, {"type": "Feature", "properties": {"d0": 0.0001, "d1": 0.0001, "d2": 0.0001, "d3": 0.0001, "d4": 0.0001, "d5": 0.0001, "d6": 0.0, "d7": 0.0, "d8": 0.0, "d9": 0.0, "d10": 0.0, "d11": 0.0, "d12": 0.0, "d13": 0.0, "w0": 1.6, "w1": 1.5, "w2": 1.4, "w3": 1.2, "w4": 1.1, "w5": 1.0, "w6": 0.9, "w7": 0.8, "w8": 0.7, "w9": 0.6, "w10": 0.6, "w11": 0.5, "w12": 10.5, "w13": 19.3}, "geometry": {"type": "Polygon", "coordinates": [[[12.18874, 48.70143], [12.24308, 48.70133], [12.24325, 48.7373], [12.18887, 48.7374], [12.18874, 48.70143]]]}}, {"type": "Feature", "properties": {"d0": 0.0001, "d1": 0.0001, "d2": 0.0, "d3": 0.0, "d4": 0.0, "d5": 0.0, "d6": 0.0, "d7": 0.0, "d8": 0.0, "d9": 0.0, "d10": 0.0, "d11": 0.0, "d12": 0.0, "d13": 0.0, "w0": 3.2, "w1": 2.9, "w2": 2.6, "w3": 2.3, "w4": 2.1, "w5": 1.9, "w6": 1.7, "w7": 1.5, "w8": 1.3, "w9": 1.2, "w10": 1.3, "w11": 1.3, "w12": 10.7, "w13": 18.8}, "geometry": {"type": "Polygon", "coordinates": [[[12.24308, 48.70133], [12.29742, 48.7012], [12.29763, 48.73717], [12.24325, 48.7373], [12.24308, 48.70133]]]}}, {"type": "Feature", "properties": {"d0": 0.0001, "d1": 0.0001, "d2": 0.0001, "d3": 0.0001, "d4": 0.0001, "d5": 0.0, "d6": 0.0, "d7": 0.0, "d8": 0.0, "d9": 0.0, "d10": 0.0, "d11": 0.0, "d12": 0.0, "d13": 0.0, "w0": 5.3, "w1": 4.9, "w2": 4.4, "w3": 3.9, "w4": 3.5, "w5": 3.1, "w6": 2.8, "w7": 2.5, "w8": 2.2, "w9": 2.0, "w10": 2.1, "w11": 2.3, "w12": 11.9, "w13": 20.5}, "geometry": {"type": "Polygon", "coordinates": [[[12.29742, 48.7012], [12.35176, 48.70105], [12.35201, 48.73702], [12.29763, 48.73717], [12.29742, 48.7012]]]}}, {"type": "Feature", "properties": {"d0": 0.0016, "d1": 0.0015, "d2": 0.0013, "d3": 0.0012, "d4": 0.001, "d5": 0.0008, "d6": 0.0006, "d7": 0.0005, "d8": 0.0004, "d9": 0.0003, "d10": 0.0003, "d11": 0.0002, "d12": 0.0002, "d13": 0.0002, "w0": 7.8, "w1": 7.2, "w2": 6.4, "w3": 5.7, "w4": 5.0, "w5": 4.5, "w6": 4.0, "w7": 3.6, "w8": 3.2, "w9": 2.8, "w10": 2.9, "w11": 3.4, "w12": 12.8, "w13": 21.1}, "geometry": {"type": "Polygon", "coordinates": [[[12.35176, 48.70105], [12.4061, 48.70087], [12.40639, 48.73684], [12.35201, 48.73702], [12.35176, 48.70105]]]}}, {"type": "Feature", "properties": {"d0": 0.0024, "d1": 0.0022, "d2": 0.002, "d3": 0.0017, "d4": 0.0014, "d5": 0.0011, "d6": 0.0008, "d7": 0.0006, "d8": 0.0004, "d9": 0.0003, "d10": 0.0003, "d11": 0.0002, "d12": 0.0002, "d13": 0.0002, "w0": 10.6, "w1": 9.7, "w2": 8.8, "w3": 7.8, "w4": 6.9, "w5": 6.1, "w6": 5.5, "w7": 4.9, "w8": 4.4, "w9": 3.9, "w10": 4.1, "w11": 4.6, "w12": 13.2, "w13": 20.4}, "geometry": {"type": "Polygon", "coordinates": [[[12.4061, 48.70087], [12.46044, 48.70066], [12.46077, 48.73663], [12.40639, 48.73684], [12.4061, 48.70087]]]}}, {"type": "Feature", "properties": {"d0": 0.0023, "d1": 0.0023, "d2": 0.0024, "d3": 0.0024, "d4": 0.0023, "d5": 0.0021, "d6": 0.002, "d7": 0.0017, "d8": 0.0015, "d9": 0.0012, "d10": 0.001, "d11": 0.0008, "d12": 0.0006, "d13": 0.0005, "w0": 13.2, "w1": 12.4, "w2": 11.3, "w3": 10.1, "w4": 9.1, "w5": 8.2, "w6": 7.5, "w7": 6.7, "w8": 6.1, "w9": 5.4, "w10": 5.0, "w11": 4.9, "w12": 13.2, "w13": 20.6}, "geometry": {"type": "Polygon", "coordinates": [[[12.46044, 48.70066], [12.51478, 48.70043], [12.51515, 48.7364], [12.46077, 48.73663], [12.46044, 48.70066]]]}}, {"type": "Feature", "properties": {"d0": 0.0019, "d1": 0.0021, "d2": 0.0023, "d3": 0.0025, "d4": 0.0026, "d5": 0.0027, "d6": 0.0027, "d7": 0.0026, "d8": 0.0024, "d9": 0.0023, "d10": 0.0022, "d11": 0.002, "d12": 0.0019, "d13": 0.0018, "w0": 14.9, "w1": 14.0, "w2": 12.7, "w3": 11.4, "w4": 10.2, "w5": 9.3, "w6": 8.4, "w7": 7.6, "w8": 6.8, "w9": 6.1, "w10": 5.6, "w11": 5.3, "w12": 13.4, "w13": 20.5}, "geometry": {"type": "Polygon", "coordinates": [[[12.51478, 48.70043], [12.56912, 48.70018], [12.56952, 48.73614], [12.51515, 48.7364], [12.51478, 48.70043]]]}}, {"type": "Feature", "properties": {"d0": 0.0012, "d1": 0.0013, "d2": 0.0016, "d3": 0.0019, "d4": 0.0022, "d5": 0.0024, "d6": 0.0025, "d7": 0.0026, "d8": 0.0027, "d9": 0.0027, "d10": 0.0028, "d11": 0.0027, "d12": 0.0027, "d13": 0.0026, "w0": 16.2, "w1": 15.1, "w2": 13.7, "w3": 12.2, "w4": 10.9, "w5": 9.8, "w6": 8.8, "w7": 7.9, "w8": 7.1, "w9": 6.3, "w10": 5.7, "w11": 5.4, "w12": 13.7, "w13": 21.0}, "geometry": {"type": "Polygon", "coordinates": [[[12.56912, 48.70018], [12.62346, 48.6999], [12.6239, 48.73586], [12.56952, 48.73614], [12.56912, 48.70018]]]}}, {"type": "Feature", "properties": {"d0": 0.0003, "d1": 0.0004, "d2": 0.0006, "d3": 0.0009, "d4": 0.0011, "d5": 0.0014, "d6": 0.0016, "d7": 0.0018, "d8": 0.0019, "d9": 0.002, "d10": 0.002, "d11": 0.002, "d12": 0.0019, "d13": 0.0018, "w0": 14.7, "w1": 13.5, "w2": 12.0, "w3": 10.4, "w4": 9.2, "w5": 8.1, "w6": 7.2, "w7": 6.4, "w8": 5.6, "w9": 4.9, "w10": 4.6, "w11": 4.5, "w12": 13.5, "w13": 20.9}, "geometry": {"type": "Polygon", "coordinates": [[[12.62346, 48.6999], [12.67779, 48.69959], [12.67828, 48.73556], [12.6239, 48.73586], [12.62346, 48.6999]]]}}, {"type": "Feature", "properties": {"d0": 0.0, "d1": 0.0, "d2": 0.0, "d3": 0.0, "d4": 0.0003, "d5": 0.0007, "d6": 0.0011, "d7": 0.0013, "d8": 0.0014, "d9": 0.0016, "d10": 0.0016, "d11": 0.0016, "d12": 0.0015, "d13": 0.0014, "w0": 12.1, "w1": 11.0, "w2": 9.7, "w3": 8.4, "w4": 7.3, "w5": 6.4, "w6": 5.7, "w7": 5.0, "w8": 4.3, "w9": 3.7, "w10": 3.9, "w11": 4.1, "w12": 14.3, "w13": 22.7}, "geometry": {"type": "Polygon", "coordinates": [[[12.67779, 48.69959], [12.73213, 48.69926], [12.73265, 48.73522], [12.67828, 48.73556], [12.67779, 48.69959]]]}}, {"type": "Feature", "properties": {"d0": 0.0058, "d1": 0.0055, "d2": 0.0053, "d3": 0.0054, "d4": 0.0056, "d5": 0.0058, "d6": 0.0061, "d7": 0.0064, "d8": 0.0067, "d9": 0.0069, "d10": 0.0069, "d11": 0.007, "d12": 0.0072, "d13": 0.0074, "w0": 27.1, "w1": 25.3, "w2": 23.4, "w3": 21.1, "w4": 18.8, "w5": 16.7, "w6": 14.8, "w7": 12.9, "w8": 11.3, "w9": 9.7, "w10": 8.6, "w11": 7.8, "w12": 12.5, "w13": 16.4}, "geometry": {"type": "Polygon", "coordinates": [[[11.42756, 48.73614], [11.48194, 48.73639], [11.48157, 48.77236], [11.42715, 48.7721], [11.42756, 48.73614]]]}}, {"type": "Feature", "properties": {"d0": 0.0033, "d1": 0.0031, "d2": 0.0029, "d3": 0.0028, "d4": 0.0027, "d5": 0.0026, "d6": 0.0026, "d7": 0.0026, "d8": 0.0026, "d9": 0.0026, "d10": 0.0026, "d11": 0.0025, "d12": 0.0025, "d13": 0.0025, "w0": 26.3, "w1": 24.6, "w2": 22.7, "w3": 20.5, "w4": 18.2, "w5": 16.1, "w6": 14.1, "w7": 12.1, "w8": 10.3, "w9": 8.7, "w10": 7.5, "w11": 6.8, "w12": 13.3, "w13": 19.3}, "geometry": {"type": "Polygon", "coordinates": [[[11.48194, 48.73639], [11.53631, 48.73662], [11.53598, 48.77259], [11.48157, 48.77236], [11.48194, 48.73639]]]}}, {"type": "Feature", "properties": {"d0": 0.0032, "d1": 0.0029, "d2": 0.0027, "d3": 0.0026, "d4": 0.0025, "d5": 0.0025, "d6": 0.0026, "d7": 0.0027, "d8": 0.0029, "d9": 0.003, "d10": 0.003, "d11": 0.003, "d12": 0.0031, "d13": 0.0032, "w0": 18.9, "w1": 17.4, "w2": 15.8, "w3": 13.8, "w4": 11.9, "w5": 10.2, "w6": 8.8, "w7": 7.5, "w8": 6.4, "w9": 5.4, "w10": 4.8, "w11": 4.3, "w12": 10.8, "w13": 16.5}, "geometry": {"type": "Polygon", "coordinates": [[[11.53631, 48.73662], [11.59069, 48.73683], [11.5904, 48.7728], [11.53598, 48.77259], [11.53631, 48.73662]]]}}, {"type": "Feature", "properties": {"d0": 0.0078, "d1": 0.0074, "d2": 0.0071, "d3": 0.0069, "d4": 0.0068, "d5": 0.0067, "d6": 0.0066, "d7": 0.0067, "d8": 0.0067, "d9": 0.0065, "d10": 0.0064, "d11": 0.0062, "d12": 0.0061, "d13": 0.0061, "w0": 12.8, "w1": 11.6, "w2": 10.4, "w3": 9.1, "w4": 7.9, "w5": 7.0, "w6": 6.2, "w7": 5.5, "w8": 4.8, "w9": 4.2, "w10": 3.7, "w11": 3.5, "w12": 8.9, "w13": 13.7}, "geometry": {"type": "Polygon", "coordinates": [[[11.59069, 48.73683], [11.64507, 48.73701], [11.64482, 48.77298], [11.5904, 48.7728], [11.59069, 48.73683]]]}}, {"type": "Feature", "properties": {"d0": 0.0082, "d1": 0.008, "d2": 0.0077, "d3": 0.0077, "d4": 0.0077, "d5": 0.0077, "d6": 0.0078, "d7": 0.008, "d8": 0.0081, "d9": 0.008, "d10": 0.0078, "d11": 0.0077, "d12": 0.0076, "d13": 0.0076, "w0": 14.6, "w1": 13.1, "w2": 11.5, "w3": 9.9, "w4": 8.6, "w5": 7.4, "w6": 6.5, "w7": 5.7, "w8": 4.9, "w9": 4.2, "w10": 3.7, "w11": 3.4, "w12": 12.8, "w13": 21.7}, "geometry": {"type": "Polygon", "coordinates": [[[11.64507, 48.73701], [11.69945, 48.73716], [11.69924, 48.77313], [11.64482, 48.77298], [11.64507, 48.73701]]]}}, {"type": "Feature", "properties": {"d0": 0.0103, "d1": 0.0099, "d2": 0.0095, "d3": 0.0091, "d4": 0.0089, "d5": 0.0087, "d6": 0.0086, "d7": 0.0086, "d8": 0.0085, "d9": 0.0083, "d10": 0.0081, "d11": 0.0078, "d12": 0.0077, "d13": 0.0077, "w0": 10.9, "w1": 10.0, "w2": 9.0, "w3": 8.0, "w4": 7.1, "w5": 6.3, "w6": 5.7, "w7": 5.1, "w8": 4.5, "w9": 3.9, "w10": 3.6, "w11": 3.3, "w12": 12.2, "w13": 21.1}, "geometry": {"type": "Polygon", "coordinates": [[[11.69945, 48.73716], [11.75383, 48.73729], [11.75366, 48.77326], [11.69924, 48.77313], [11.69945, 48.73716]]]}}, {"type": "Feature", "properties": {"d0": 0.0105, "d1": 0.0101, "d2": 0.0097, "d3": 0.0093, "d4": 0.009, "d5": 0.0088, "d6": 0.0086, "d7": 0.0085, "d8": 0.0084, "d9": 0.0083, "d10": 0.0081, "d11": 0.0079, "d12": 0.0078, "d13": 0.0078, "w0": 10.3, "w1": 9.7, "w2": 9.0, "w3": 8.2, "w4": 7.5, "w5": 6.9, "w6": 6.3, "w7": 5.8, "w8": 5.3, "w9": 4.8, "w10": 4.4, "w11": 4.2, "w12": 13.1, "w13": 22.4}, "geometry": {"type": "Polygon", "coordinates": [[[11.75383, 48.73729], [11.80821, 48.7374], [11.80807, 48.77337], [11.75366, 48.77326], [11.75383, 48.73729]]]}}, {"type": "Feature", "properties": {"d0": 0.006, "d1": 0.0055, "d2": 0.005, "d3": 0.0046, "d4": 0.0042, "d5": 0.0039, "d6": 0.0037, "d7": 0.0035, "d8": 0.0035, "d9": 0.0035, "d10": 0.0035, "d11": 0.0034, "d12": 0.0033, "d13": 0.0033, "w0": 7.5, "w1": 6.8, "w2": 6.1, "w3": 5.3, "w4": 4.6, "w5": 4.1, "w6": 3.6, "w7": 3.2, "w8": 2.8, "w9": 2.4, "w10": 2.2, "w11": 2.0, "w12": 13.8, "w13": 24.6}, "geometry": {"type": "Polygon", "coordinates": [[[11.80821, 48.7374], [11.86259, 48.73747], [11.86249, 48.77344], [11.80807, 48.77337], [11.80821, 48.7374]]]}}, {"type": "Feature", "properties": {"d0": 0.0029, "d1": 0.0027, "d2": 0.0024, "d3": 0.0022, "d4": 0.0021, "d5": 0.002, "d6": 0.0019, "d7": 0.0018, "d8": 0.0018, "d9": 0.0018, "d10": 0.0017, "d11": 0.0017, "d12": 0.0016, "d13": 0.0016, "w0": 7.0, "w1": 6.3, "w2": 5.5, "w3": 4.8, "w4": 4.1, "w5": 3.6, "w6": 3.2, "w7": 2.8, "w8": 2.4, "w9": 2.0, "w10": 1.8, "w11": 1.6, "w12": 14.1, "w13": 24.9}, "geometry": {"type": "Polygon", "coordinates": [[[11.86259, 48.73747], [11.91697, 48.73753], [11.91691, 48.7735], [11.86249, 48.77344], [11.86259, 48.73747]]]}}, {"type": "Feature", "properties": {"d0": 0.0015, "d1": 0.0015, "d2": 0.0014, "d3": 0.0014, "d4": 0.0013, "d5": 0.0013, "d6": 0.0012, "d7": 0.0012, "d8": 0.0012, "d9": 0.0011, "d10": 0.0011, "d11": 0.0011, "d12": 0.001, "d13": 0.0011, "w0": 6.4, "w1": 5.9, "w2": 5.2, "w3": 4.6, "w4": 4.0, "w5": 3.6, "w6": 3.2, "w7": 2.8, "w8": 2.5, "w9": 2.2, "w10": 1.9, "w11": 1.8, "w12": 13.8, "w13": 24.4}, "geometry": {"type": "Polygon", "coordinates": [[[11.91697, 48.73753], [11.97135, 48.73755], [11.97133, 48.77352], [11.91691, 48.7735], [11.91697, 48.73753]]]}}, {"type": "Feature", "properties": {"d0": 0.0012, "d1": 0.0012, "d2": 0.0012, "d3": 0.0012, "d4": 0.0011, "d5": 0.0011, "d6": 0.001, "d7": 0.001, "d8": 0.0009, "d9": 0.0009, "d10": 0.0008, "d11": 0.0008, "d12": 0.0008, "d13": 0.0007, "w0": 5.8, "w1": 5.2, "w2": 4.6, "w3": 3.9, "w4": 3.4, "w5": 3.0, "w6": 2.7, "w7": 2.3, "w8": 2.0, "w9": 1.8, "w10": 1.5, "w11": 1.4, "w12": 13.9, "w13": 24.6}, "geometry": {"type": "Polygon", "coordinates": [[[11.97135, 48.73755], [12.02573, 48.73755], [12.02575, 48.77352], [11.97133, 48.77352], [11.97135, 48.73755]]]}}, {"type": "Feature", "properties": {"d0": 0.0002, "d1": 0.0003, "d2": 0.0003, "d3": 0.0004, "d4": 0.0004, "d5": 0.0004, "d6": 0.0004, "d7": 0.0003, "d8": 0.0003, "d9": 0.0003, "d10": 0.0003, "d11": 0.0003, "d12": 0.0003, "d13": 0.0002, "w0": 4.8, "w1": 4.3, "w2": 3.8, "w3": 3.4, "w4": 2.9, "w5": 2.6, "w6": 2.3, "w7": 2.1, "w8": 1.8, "w9": 1.6, "w10": 1.4, "w11": 1.3, "w12": 13.0, "w13": 23.4}, "geometry": {"type": "Polygon", "coordinates": [[[12.02573, 48.73755], [12.08011, 48.73753], [12.08017, 48.7735], [12.02575, 48.77352], [12.02573, 48.73755]]]}}, {"type": "Feature", "properties": {"d0": 0.0, "d1": 0.0, "d2": 0.0, "d3": 0.0006, "d4": 0.0006, "d5": 0.0006, "d6": 0.0006, "d7": 0.0006, "d8": 0.0005, "d9": 0.0005, "d10": 0.0004, "d11": 0.0004, "d12": 0.0003, "d13": 0.0003, "w0": 3.4, "w1": 3.1, "w2": 2.8, "w3": 2.5, "w4": 2.3, "w5": 2.1, "w6": 1.9, "w7": 1.7, "w8": 1.5, "w9": 1.4, "w10": 1.2, "w11": 1.2, "w12": 10.9, "w13": 20.0}, "geometry": {"type": "Polygon", "coordinates": [[[12.08011, 48.73753], [12.13449, 48.73748], [12.13459, 48.77345], [12.08017, 48.7735], [12.08011, 48.73753]]]}}, {"type": "Feature", "properties": {"d0": 0.0005, "d1": 0.0006, "d2": 0.0006, "d3": 0.0007, "d4": 0.0007, "d5": 0.0007, "d6": 0.0006, "d7": 0.0005, "d8": 0.0004, "d9": 0.0003, "d10": 0.0002, "d11": 0.0, "d12": 0.0, "d13": 0.0, "w0": 2.1, "w1": 1.9, "w2": 1.7, "w3": 1.6, "w4": 1.4, "w5": 1.3, "w6": 1.2, "w7": 1.1, "w8": 1.0, "w9": 0.9, "w10": 0.8, "w11": 0.7, "w12": 10.1, "w13": 18.9}, "geometry": {"type": "Polygon", "coordinates": [[[12.13449, 48.73748], [12.18887, 48.7374], [12.18901, 48.77337], [12.13459, 48.77345], [12.13449, 48.73748]]]}}, {"type": "Feature", "properties": {"d0": 0.0001, "d1": 0.0001, "d2": 0.0001, "d3": 0.0001, "d4": 0.0001, "d5": 0.0001, "d6": 0.0, "d7": 0.0, "d8": 0.0, "d9": 0.0, "d10": 0.0, "d11": 0.0, "d12": 0.0, "d13": 0.0, "w0": 1.4, "w1": 1.3, "w2": 1.1, "w3": 1.0, "w4": 0.9, "w5": 0.8, "w6": 0.7, "w7": 0.6, "w8": 0.5, "w9": 0.5, "w10": 0.4, "w11": 0.4, "w12": 10.5, "w13": 19.1}, "geometry": {"type": "Polygon", "coordinates": [[[12.18887, 48.7374], [12.24325, 48.7373], [12.24343, 48.77327], [12.18901, 48.77337], [12.18887, 48.7374]]]}}, {"type": "Feature", "properties": {"d0": 0.0, "d1": 0.0, "d2": 0.0, "d3": 0.0, "d4": 0.0, "d5": 0.0, "d6": 0.0, "d7": 0.0, "d8": 0.0, "d9": 0.0, "d10": 0.0, "d11": 0.0, "d12": 0.0, "d13": 0.0, "w0": 2.8, "w1": 2.6, "w2": 2.3, "w3": 2.0, "w4": 1.8, "w5": 1.6, "w6": 1.5, "w7": 1.3, "w8": 1.2, "w9": 1.0, "w10": 1.0, "w11": 1.0, "w12": 10.4, "w13": 18.4}, "geometry": {"type": "Polygon", "coordinates": [[[12.24325, 48.7373], [12.29763, 48.73717], [12.29785, 48.77314], [12.24343, 48.77327], [12.24325, 48.7373]]]}}, {"type": "Feature", "properties": {"d0": 0.0002, "d1": 0.0003, "d2": 0.0003, "d3": 0.0002, "d4": 0.0002, "d5": 0.0001, "d6": 0.0, "d7": 0.0, "d8": 0.0, "d9": 0.0, "d10": 0.0, "d11": 0.0, "d12": 0.0, "d13": 0.0, "w0": 4.3, "w1": 4.0, "w2": 3.7, "w3": 3.3, "w4": 3.0, "w5": 2.7, "w6": 2.5, "w7": 2.3, "w8": 2.1, "w9": 1.9, "w10": 1.7, "w11": 1.7, "w12": 10.8, "w13": 19.1}, "geometry": {"type": "Polygon", "coordinates": [[[12.29763, 48.73717], [12.35201, 48.73702], [12.35227, 48.77298], [12.29785, 48.77314], [12.29763, 48.73717]]]}}, {"type": "Feature", "properties": {"d0": 0.0085, "d1": 0.0079, "d2": 0.0074, "d3": 0.0068, "d4": 0.0062, "d5": 0.0057, "d6": 0.0053, "d7": 0.0049, "d8": 0.0045, "d9": 0.0041, "d10": 0.0037, "d11": 0.0032, "d12": 0.0028, "d13": 0.0024, "w0": 5.5, "w1": 5.1, "w2": 4.6, "w3": 4.1, "w4": 3.7, "w5": 3.3, "w6": 3.0, "w7": 2.7, "w8": 2.4, "w9": 2.1, "w10": 2.1, "w11": 2.4, "w12": 12.0, "w13": 20.4}, "geometry": {"type": "Polygon", "coordinates": [[[12.35201, 48.73702], [12.40639, 48.73684], [12.40668, 48.77281], [12.35227, 48.77298], [12.35201, 48.73702]]]}}, {"type": "Feature", "properties": {"d0": 0.0023, "d1": 0.0022, "d2": 0.0021, "d3": 0.0019, "d4": 0.0017, "d5": 0.0015, "d6": 0.0013, "d7": 0.001, "d8": 0.0008, "d9": 0.0005, "d10": 0.0003, "d11": 0.0001, "d12": 0.0001, "d13": 0.0001, "w0": 8.7, "w1": 8.0, "w2": 7.3, "w3": 6.5, "w4": 5.8, "w5": 5.2, "w6": 4.7, "w7": 4.2, "w8": 3.7, "w9": 3.3, "w10": 3.4, "w11": 3.8, "w12": 13.1, "w13": 20.8}, "geometry": {"type": "Polygon", "coordinates": [[[12.40639, 48.73684], [12.46077, 48.73663], [12.4611, 48.7726], [12.40668, 48.77281], [12.40639, 48.73684]]]}}, {"type": "Feature", "properties": {"d0": 0.0014, "d1": 0.0014, "d2": 0.0014, "d3": 0.0014, "d4": 0.0014, "d5": 0.0013, "d6": 0.0012, "d7": 0.0011, "d8": 0.0009, "d9": 0.0007, "d10": 0.0005, "d11": 0.0003, "d12": 0.0002, "d13": 0.0002, "w0": 10.6, "w1": 9.7, "w2": 8.8, "w3": 7.7, "w4": 6.8, "w5": 6.1, "w6": 5.5, "w7": 4.9, "w8": 4.4, "w9": 3.9, "w10": 3.8, "w11": 4.3, "w12": 13.3, "w13": 20.5}, "geometry": {"type": "Polygon", "coordinates": [[[12.46077, 48.73663], [12.51515, 48.7364], [12.51552, 48.77237], [12.4611, 48.7726], [12.46077, 48.73663]]]}}, {"type": "Feature", "properties": {"d0": 0.0004, "d1": 0.0006, "d2": 0.0008, "d3": 0.001, "d4": 0.001, "d5": 0.0011, "d6": 0.0011, "d7": 0.001, "d8": 0.0009, "d9": 0.0008, "d10": 0.0007, "d11": 0.0006, "d12": 0.0006, "d13": 0.0005, "w0": 11.7, "w1": 10.8, "w2": 9.7, "w3": 8.6, "w4": 7.6, "w5": 6.8, "w6": 6.1, "w7": 5.4, "w8": 4.8, "w9": 4.2, "w10": 3.9, "w11": 3.9, "w12": 13.4, "w13": 21.2}, "geometry": {"type": "Polygon", "coordinates": [[[12.51515, 48.7364], [12.56952, 48.73614], [12.56993, 48.77211], [12.51552, 48.77237], [12.51515, 48.7364]]]}}, {"type": "Feature", "properties": {"d0": 0.0005, "d1": 0.0007, "d2": 0.0009, "d3": 0.0011, "d4": 0.0012, "d5": 0.0013, "d6": 0.0014, "d7": 0.0014, "d8": 0.0014, "d9": 0.0015, "d10": 0.0015, "d11": 0.0014, "d12": 0.0014, "d13": 0.0013, "w0": 12.4, "w1": 11.5, "w2": 10.3, "w3": 9.2, "w4": 8.1, "w5": 7.3, "w6": 6.6, "w7": 5.9, "w8": 5.2, "w9": 4.6, "w10": 4.2, "w11": 4.2, "w12": 13.2, "w13": 20.9}, "geometry": {"type": "Polygon", "coordinates": [[[12.56952, 48.73614], [12.6239, 48.73586], [12.62435, 48.77183], [12.56993, 48.77211], [12.56952, 48.73614]]]}}, {"type": "Feature", "properties": {"d0": 0.0001, "d1": 0.0002, "d2": 0.0003, "d3": 0.0004, "d4": 0.0005, "d5": 0.0007, "d6": 0.0008, "d7": 0.0009, "d8": 0.0009, "d9": 0.001, "d10": 0.001, "d11": 0.001, "d12": 0.0009, "d13": 0.0008, "w0": 12.0, "w1": 10.9, "w2": 9.8, "w3": 8.6, "w4": 7.5, "w5": 6.7, "w6": 6.0, "w7": 5.3, "w8": 4.7, "w9": 4.1, "w10": 3.9, "w11": 4.1, "w12": 13.9, "w13": 21.9}, "geometry": {"type": "Polygon", "coordinates": [[[12.6239, 48.73586], [12.67828, 48.73556], [12.67876, 48.77152], [12.62435, 48.77183], [12.6239, 48.73586]]]}}, {"type": "Feature", "properties": {"d0": 0.0, "d1": 0.0, "d2": 0.0, "d3": 0.0, "d4": 0.0001, "d5": 0.0002, "d6": 0.0004, "d7": 0.0007, "d8": 0.0008, "d9": 0.0009, "d10": 0.001, "d11": 0.001, "d12": 0.001, "d13": 0.0009, "w0": 11.9, "w1": 10.8, "w2": 9.6, "w3": 8.4, "w4": 7.4, "w5": 6.5, "w6": 5.8, "w7": 5.1, "w8": 4.5, "w9": 4.0, "w10": 4.3, "w11": 4.7, "w12": 15.1, "w13": 23.7}, "geometry": {"type": "Polygon", "coordinates": [[[12.67828, 48.73556], [12.73265, 48.73522], [12.73317, 48.77119], [12.67876, 48.77152], [12.67828, 48.73556]]]}}, {"type": "Feature", "properties": {"d0": 0.006, "d1": 0.0058, "d2": 0.0059, "d3": 0.0063, "d4": 0.0066, "d5": 0.0069, "d6": 0.0072, "d7": 0.0075, "d8": 0.0076, "d9": 0.0076, "d10": 0.0074, "d11": 0.0072, "d12": 0.0071, "d13": 0.007, "w0": 22.5, "w1": 20.9, "w2": 19.3, "w3": 17.5, "w4": 15.9, "w5": 14.4, "w6": 13.2, "w7": 12.1, "w8": 11.1, "w9": 10.0, "w10": 9.2, "w11": 8.6, "w12": 13.3, "w13": 17.3}, "geometry": {"type": "Polygon", "coordinates": [[[11.42715, 48.7721], [11.48157, 48.77236], [11.4812, 48.80833], [11.42674, 48.80807], [11.42715, 48.7721]]]}}, {"type": "Feature", "properties": {"d0": 0.0003, "d1": 0.0003, "d2": 0.004, "d3": 0.0045, "d4": 0.005, "d5": 0.0053, "d6": 0.0056, "d7": 0.0059, "d8": 0.0061, "d9": 0.0061, "d10": 0.0059, "d11": 0.0058, "d12": 0.0057, "d13": 0.0057, "w0": 21.1, "w1": 19.2, "w2": 17.3, "w3": 15.4, "w4": 13.6, "w5": 12.2, "w6": 11.0, "w7": 9.9, "w8": 8.9, "w9": 7.9, "w10": 7.1, "w11": 6.6, "w12": 13.3, "w13": 19.0}, "geometry": {"type": "Polygon", "coordinates": [[[11.48157, 48.77236], [11.53598, 48.77259], [11.53565, 48.80856], [11.4812, 48.80833], [11.48157, 48.77236]]]}}, {"type": "Feature", "properties": {"d0": 0.005, "d1": 0.0049, "d2": 0.0048, "d3": 0.0048, "d4": 0.0048, "d5": 0.0049, "d6": 0.0049, "d7": 0.0049, "d8": 0.0049, "d9": 0.0048, "d10": 0.0046, "d11": 0.0044, "d12": 0.0043, "d13": 0.0042, "w0": 15.8, "w1": 14.8, "w2": 13.7, "w3": 12.6, "w4": 11.5, "w5": 10.6, "w6": 9.8, "w7": 9.1, "w8": 8.4, "w9": 7.7, "w10": 7.1, "w11": 6.8, "w12": 12.1, "w13": 16.9}, "geometry": {"type": "Polygon", "coordinates": [[[11.53598, 48.77259], [11.5904, 48.7728], [11.59011, 48.80877], [11.53565, 48.80856], [11.53598, 48.77259]]]}}, {"type": "Feature", "properties": {"d0": 0.0087, "d1": 0.0084, "d2": 0.0081, "d3": 0.0079, "d4": 0.0076, "d5": 0.0074, "d6": 0.0072, "d7": 0.0071, "d8": 0.0069, "d9": 0.0066, "d10": 0.0062, "d11": 0.0058, "d12": 0.0056, "d13": 0.0054, "w0": 12.1, "w1": 11.3, "w2": 10.5, "w3": 9.7, "w4": 8.8, "w5": 8.2, "w6": 7.6, "w7": 7.0, "w8": 6.4, "w9": 5.9, "w10": 5.4, "w11": 5.2, "w12": 10.8, "w13": 15.9}, "geometry": {"type": "Polygon", "coordinates": [[[11.5904, 48.7728], [11.64482, 48.77298], [11.64457, 48.80895], [11.59011, 48.80877], [11.5904, 48.7728]]]}}, {"type": "Feature", "properties": {"d0": 0.0166, "d1": 0.0158, "d2": 0.015, "d3": 0.0142, "d4": 0.0136, "d5": 0.013, "d6": 0.0126, "d7": 0.0124, "d8": 0.012, "d9": 0.0114, "d10": 0.0108, "d11": 0.0102, "d12": 0.0099, "d13": 0.0099, "w0": 7.4, "w1": 6.3, "w2": 5.3, "w3": 4.4, "w4": 3.6, "w5": 3.0, "w6": 2.5, "w7": 2.1, "w8": 1.7, "w9": 1.4, "w10": 1.2, "w11": 1.0, "w12": 12.1, "w13": 21.5}, "geometry": {"type": "Polygon", "coordinates": [[[11.64482, 48.77298], [11.69924, 48.77313], [11.69902, 48.8091], [11.64457, 48.80895], [11.64482, 48.77298]]]}}, {"type": "Feature", "properties": {"d0": 0.0112, "d1": 0.0107, "d2": 0.0103, "d3": 0.0099, "d4": 0.0095, "d5": 0.0092, "d6": 0.009, "d7": 0.0089, "d8": 0.0087, "d9": 0.0083, "d10": 0.0078, "d11": 0.0074, "d12": 0.0073, "d13": 0.0072, "w0": 7.1, "w1": 6.0, "w2": 5.0, "w3": 4.0, "w4": 3.2, "w5": 2.6, "w6": 2.2, "w7": 1.8, "w8": 1.4, "w9": 1.2, "w10": 1.0, "w11": 0.9, "w12": 13.6, "w13": 24.0}, "geometry": {"type": "Polygon", "coordinates": [[[11.69924, 48.77313], [11.75366, 48.77326], [11.75348, 48.80923], [11.69902, 48.8091], [11.69924, 48.77313]]]}}, {"type": "Feature", "properties": {"d0": 0.0059, "d1": 0.0056, "d2": 0.0053, "d3": 0.0051, "d4": 0.0048, "d5": 0.0047, "d6": 0.0046, "d7": 0.0044, "d8": 0.0043, "d9": 0.0041, "d10": 0.0039, "d11": 0.0037, "d12": 0.0036, "d13": 0.0037, "w0": 6.8, "w1": 5.8, "w2": 4.9, "w3": 4.0, "w4": 3.3, "w5": 2.7, "w6": 2.3, "w7": 1.9, "w8": 1.6, "w9": 1.3, "w10": 1.1, "w11": 1.0, "w12": 13.8, "w13": 24.6}, "geometry": {"type": "Polygon", "coordinates": [[[11.75366, 48.77326], [11.80807, 48.77337], [11.80794, 48.80934], [11.75348, 48.80923], [11.75366, 48.77326]]]}}, {"type": "Feature", "properties": {"d0": 0.0047, "d1": 0.0044, "d2": 0.0041, "d3": 0.0039, "d4": 0.0037, "d5": 0.0035, "d6": 0.0034, "d7": 0.0034, "d8": 0.0033, "d9": 0.0032, "d10": 0.0031, "d11": 0.003, "d12": 0.0029, "d13": 0.0029, "w0": 6.5, "w1": 5.8, "w2": 5.0, "w3": 4.3, "w4": 3.6, "w5": 3.2, "w6": 2.7, "w7": 2.3, "w8": 2.0, "w9": 1.7, "w10": 1.5, "w11": 1.3, "w12": 13.8, "w13": 24.8}, "geometry": {"type": "Polygon", "coordinates": [[[11.80807, 48.77337], [11.86249, 48.77344], [11.8624, 48.80941], [11.80794, 48.80934], [11.80807, 48.77337]]]}}, {"type": "Feature", "properties": {"d0": 0.0031, "d1": 0.0029, "d2": 0.0027, "d3": 0.0025, "d4": 0.0023, "d5": 0.0022, "d6": 0.0022, "d7": 0.0021, "d8": 0.0021, "d9": 0.0021, "d10": 0.002, "d11": 0.002, "d12": 0.0019, "d13": 0.002, "w0": 6.6, "w1": 5.9, "w2": 5.1, "w3": 4.3, "w4": 3.7, "w5": 3.2, "w6": 2.8, "w7": 2.4, "w8": 2.0, "w9": 1.7, "w10": 1.5, "w11": 1.3, "w12": 14.2, "w13": 25.4}, "geometry": {"type": "Polygon", "coordinates": [[[11.86249, 48.77344], [11.91691, 48.7735], [11.91685, 48.80946], [11.8624, 48.80941], [11.86249, 48.77344]]]}}, {"type": "Feature", "properties": {"d0": 0.0021, "d1": 0.0021, "d2": 0.0021, "d3": 0.0021, "d4": 0.002, "d5": 0.0021, "d6": 0.0021, "d7": 0.0021, "d8": 0.0021, "d9": 0.0021, "d10": 0.0021, "d11": 0.0021, "d12": 0.0021, "d13": 0.0021, "w0": 6.9, "w1": 6.3, "w2": 5.6, "w3": 4.9, "w4": 4.4, "w5": 3.9, "w6": 3.5, "w7": 3.1, "w8": 2.7, "w9": 2.4, "w10": 2.1, "w11": 2.0, "w12": 13.5, "w13": 24.3}, "geometry": {"type": "Polygon", "coordinates": [[[11.91691, 48.7735], [11.97133, 48.77352], [11.97131, 48.80949], [11.91685, 48.80946], [11.91691, 48.7735]]]}}, {"type": "Feature", "properties": {"d0": 0.0012, "d1": 0.0012, "d2": 0.0013, "d3": 0.0013, "d4": 0.0013, "d5": 0.0014, "d6": 0.0015, "d7": 0.0015, "d8": 0.0015, "d9": 0.0015, "d10": 0.0014, "d11": 0.0013, "d12": 0.0013, "d13": 0.0013, "w0": 6.8, "w1": 6.1, "w2": 5.4, "w3": 4.7, "w4": 4.2, "w5": 3.7, "w6": 3.3, "w7": 2.9, "w8": 2.5, "w9": 2.2, "w10": 1.9, "w11": 1.8, "w12": 12.9, "w13": 22.9}, "geometry": {"type": "Polygon", "coordinates": [[[11.97133, 48.77352], [12.02575, 48.77352], [12.02577, 48.80949], [11.97131, 48.80949], [11.97133, 48.77352]]]}}, {"type": "Feature", "properties": {"d0": 0.0003, "d1": 0.0003, "d2": 0.0003, "d3": 0.0003, "d4": 0.0003, "d5": 0.0003, "d6": 0.0004, "d7": 0.0004, "d8": 0.0003, "d9": 0.0003, "d10": 0.0003, "d11": 0.0003, "d12": 0.0002, "d13": 0.0002, "w0": 6.7, "w1": 5.9, "w2": 5.2, "w3": 4.4, "w4": 3.9, "w5": 3.4, "w6": 3.0, "w7": 2.6, "w8": 2.2, "w9": 1.9, "w10": 1.6, "w11": 1.5, "w12": 12.6, "w13": 22.4}, "geometry": {"type": "Polygon", "coordinates": [[[12.02575, 48.77352], [12.08017, 48.7735], [12.08023, 48.80947], [12.02577, 48.80949], [12.02575, 48.77352]]]}}, {"type": "Feature", "properties": {"d0": 0.0005, "d1": 0.0004, "d2": 0.0, "d3": 0.0, "d4": 0.0, "d5": 0.0, "d6": 0.0, "d7": 0.0, "d8": 0.0004, "d9": 0.0004, "d10": 0.0003, "d11": 0.0003, "d12": 0.0002, "d13": 0.0002, "w0": 5.1, "w1": 4.6, "w2": 4.1, "w3": 3.6, "w4": 3.2, "w5": 2.9, "w6": 2.6, "w7": 2.3, "w8": 2.0, "w9": 1.7, "w10": 1.5, "w11": 1.4, "w12": 11.4, "w13": 20.4}, "geometry": {"type": "Polygon", "coordinates": [[[12.08017, 48.7735], [12.13459, 48.77345], [12.13469, 48.80941], [12.08023, 48.80947], [12.08017, 48.7735]]]}}, {"type": "Feature", "properties": {"d0": 0.0015, "d1": 0.0013, "d2": 0.0012, "d3": 0.0011, "d4": 0.001, "d5": 0.0009, "d6": 0.0008, "d7": 0.0, "d8": 0.0, "d9": 0.0, "d10": 0.0, "d11": 0.0, "d12": 0.0, "d13": 0.0, "w0": 3.4, "w1": 3.1, "w2": 2.8, "w3": 2.5, "w4": 2.2, "w5": 2.0, "w6": 1.8, "w7": 1.6, "w8": 1.4, "w9": 1.3, "w10": 1.1, "w11": 1.1, "w12": 10.2, "w13": 18.6}, "geometry": {"type": "Polygon", "coordinates": [[[12.13459, 48.77345], [12.18901, 48.77337], [12.18915, 48.80934], [12.13469, 48.80941], [12.13459, 48.77345]]]}}, {"type": "Feature", "properties": {"d0": 0.0014, "d1": 0.0014, "d2": 0.0014, "d3": 0.0014, "d4": 0.0013, "d5": 0.0012, "d6": 0.0011, "d7": 0.0009, "d8": 0.0006, "d9": 0.0002, "d10": 0.0, "d11": 0.0, "d12": 0.0, "d13": 0.0, "w0": 2.9, "w1": 2.7, "w2": 2.4, "w3": 2.2, "w4": 2.0, "w5": 1.8, "w6": 1.6, "w7": 1.5, "w8": 1.3, "w9": 1.2, "w10": 1.1, "w11": 1.0, "w12": 9.7, "w13": 17.6}, "geometry": {"type": "Polygon", "coordinates": [[[12.18901, 48.77337], [12.24343, 48.77327], [12.2436, 48.80924], [12.18915, 48.80934], [12.18901, 48.77337]]]}}, {"type": "Feature", "properties": {"d0": 0.0, "d1": 0.0001, "d2": 0.0002, "d3": 0.0002, "d4": 0.0002, "d5": 0.0001, "d6": 0.0, "d7": 0.0, "d8": 0.0, "d9": 0.0, "d10": 0.0, "d11": 0.0, "d12": 0.0, "d13": 0.0, "w0": 3.0, "w1": 2.7, "w2": 2.4, "w3": 2.1, "w4": 1.9, "w5": 1.7, "w6": 1.5, "w7": 1.3, "w8": 1.2, "w9": 1.0, "w10": 1.0, "w11": 1.0, "w12": 10.6, "w13": 18.8}, "geometry": {"type": "Polygon", "coordinates": [[[12.24343, 48.77327], [12.29785, 48.77314], [12.29806, 48.80911], [12.2436, 48.80924], [12.24343, 48.77327]]]}}, {"type": "Feature", "properties": {"d0": 0.0, "d1": 0.0, "d2": 0.0, "d3": 0.0, "d4": 0.0, "d5": 0.0, "d6": 0.0, "d7": 0.0, "d8": 0.0, "d9": 0.0, "d10": 0.0, "d11": 0.0, "d12": 0.0, "d13": 0.0, "w0": 4.2, "w1": 3.8, "w2": 3.3, "w3": 2.8, "w4": 2.4, "w5": 2.1, "w6": 1.8, "w7": 1.6, "w8": 1.4, "w9": 1.2, "w10": 1.9, "w11": 2.8, "w12": 13.7, "w13": 22.4}, "geometry": {"type": "Polygon", "coordinates": [[[12.29785, 48.77314], [12.35227, 48.77298], [12.35252, 48.80895], [12.29806, 48.80911], [12.29785, 48.77314]]]}}, {"type": "Feature", "properties": {"d0": 0.001, "d1": 0.0009, "d2": 0.0008, "d3": 0.0007, "d4": 0.0005, "d5": 0.0004, "d6": 0.0001, "d7": 0.0, "d8": 0.0, "d9": 0.0, "d10": 0.0001, "d11": 0.0001, "d12": 0.0001, "d13": 0.0001, "w0": 6.2, "w1": 5.7, "w2": 5.2, "w3": 4.6, "w4": 4.1, "w5": 3.7, "w6": 3.4, "w7": 3.1, "w8": 2.7, "w9": 2.4, "w10": 2.8, "w11": 3.7, "w12": 13.0, "w13": 20.8}, "geometry": {"type": "Polygon", "coordinates": [[[12.35227, 48.77298], [12.40668, 48.77281], [12.40697, 48.80877], [12.35252, 48.80895], [12.35227, 48.77298]]]}}, {"type": "Feature", "properties": {"d0": 0.0018, "d1": 0.0017, "d2": 0.0016, "d3": 0.0015, "d4": 0.0014, "d5": 0.0013, "d6": 0.0013, "d7": 0.0012, "d8": 0.0011, "d9": 0.001, "d10": 0.0009, "d11": 0.0008, "d12": 0.0007, "d13": 0.0006, "w0": 7.2, "w1": 6.6, "w2": 6.0, "w3": 5.3, "w4": 4.7, "w5": 4.2, "w6": 3.8, "w7": 3.4, "w8": 3.0, "w9": 2.6, "w10": 2.8, "w11": 3.5, "w12": 13.4, "w13": 21.8}, "geometry": {"type": "Polygon", "coordinates": [[[12.40668, 48.77281], [12.4611, 48.7726], [12.46143, 48.80857], [12.40697, 48.80877], [12.40668, 48.77281]]]}}, {"type": "Feature", "properties": {"d0": 0.001, "d1": 0.001, "d2": 0.001, "d3": 0.0011, "d4": 0.0011, "d5": 0.0011, "d6": 0.001, "d7": 0.001, "d8": 0.0009, "d9": 0.0009, "d10": 0.0008, "d11": 0.0007, "d12": 0.0007, "d13": 0.0006, "w0": 9.6, "w1": 8.8, "w2": 7.9, "w3": 7.0, "w4": 6.1, "w5": 5.5, "w6": 4.9, "w7": 4.4, "w8": 3.9, "w9": 3.4, "w10": 3.5, "w11": 4.3, "w12": 13.8, "w13": 21.4}, "geometry": {"type": "Polygon", "coordinates": [[[12.4611, 48.7726], [12.51552, 48.77237], [12.51589, 48.80834], [12.46143, 48.80857], [12.4611, 48.7726]]]}}, {"type": "Feature", "properties": {"d0": 0.0004, "d1": 0.0004, "d2": 0.0005, "d3": 0.0006, "d4": 0.0007, "d5": 0.0007, "d6": 0.0007, "d7": 0.0006, "d8": 0.0006, "d9": 0.0006, "d10": 0.0006, "d11": 0.0006, "d12": 0.0006, "d13": 0.0006, "w0": 11.2, "w1": 10.3, "w2": 9.3, "w3": 8.2, "w4": 7.2, "w5": 6.4, "w6": 5.7, "w7": 5.1, "w8": 4.5, "w9": 4.0, "w10": 3.9, "w11": 4.6, "w12": 13.8, "w13": 21.1}, "geometry": {"type": "Polygon", "coordinates": [[[12.51552, 48.77237], [12.56993, 48.77211], [12.57034, 48.80808], [12.51589, 48.80834], [12.51552, 48.77237]]]}}, {"type": "Feature", "properties": {"d0": 0.0, "d1": 0.0, "d2": 0.0001, "d3": 0.0001, "d4": 0.0002, "d5": 0.0002, "d6": 0.0002, "d7": 0.0002, "d8": 0.0002, "d9": 0.0002, "d10": 0.0003, "d11": 0.0003, "d12": 0.0003, "d13": 0.0003, "w0": 11.6, "w1": 10.7, "w2": 9.5, "w3": 8.4, "w4": 7.4, "w5": 6.6, "w6": 5.8, "w7": 5.2, "w8": 4.6, "w9": 4.0, "w10": 3.8, "w11": 4.2, "w12": 14.1, "w13": 22.2}, "geometry": {"type": "Polygon", "coordinates": [[[12.56993, 48.77211], [12.62435, 48.77183], [12.62479, 48.8078], [12.57034, 48.80808], [12.56993, 48.77211]]]}}, {"type": "Feature", "properties": {"d0": 0.0, "d1": 0.0, "d2": 0.0, "d3": 0.0001, "d4": 0.0001, "d5": 0.0001, "d6": 0.0001, "d7": 0.0001, "d8": 0.0001, "d9": 0.0001, "d10": 0.0002, "d11": 0.0002, "d12": 0.0001, "d13": 0.0001, "w0": 11.9, "w1": 10.9, "w2": 9.8, "w3": 8.6, "w4": 7.6, "w5": 6.8, "w6": 6.0, "w7": 5.4, "w8": 4.7, "w9": 4.2, "w10": 4.4, "w11": 5.0, "w12": 14.7, "w13": 22.7}, "geometry": {"type": "Polygon", "coordinates": [[[12.62435, 48.77183], [12.67876, 48.77152], [12.67925, 48.80749], [12.62479, 48.8078], [12.62435, 48.77183]]]}}, {"type": "Feature", "properties": {"d0": 0.0, "d1": 0.0, "d2": 0.0, "d3": 0.0, "d4": 0.0, "d5": 0.0001, "d6": 0.0001, "d7": 0.0001, "d8": 0.0001, "d9": 0.0001, "d10": 0.0001, "d11": 0.0001, "d12": 0.0002, "d13": 0.0002, "w0": 12.1, "w1": 11.0, "w2": 9.8, "w3": 8.6, "w4": 7.6, "w5": 6.8, "w6": 6.0, "w7": 5.4, "w8": 4.7, "w9": 4.2, "w10": 4.8, "w11": 5.5, "w12": 15.8, "w13": 24.3}, "geometry": {"type": "Polygon", "coordinates": [[[12.67876, 48.77152], [12.73317, 48.77119], [12.7337, 48.80716], [12.67925, 48.80749], [12.67876, 48.77152]]]}}, {"type": "Feature", "properties": {"d0": 0.0528, "d1": 0.0503, "d2": 0.0476, "d3": 0.045, "d4": 0.0426, "d5": 0.04, "d6": 0.0372, "d7": 0.0343, "d8": 0.022, "d9": 0.022, "d10": 0.0248, "d11": 0.0256, "d12": 0.0252, "d13": 0.0257, "w0": 17.9, "w1": 15.6, "w2": 13.3, "w3": 11.2, "w4": 9.4, "w5": 7.9, "w6": 6.8, "w7": 5.8, "w8": 4.9, "w9": 4.1, "w10": 3.5, "w11": 3.1, "w12": 14.4, "w13": 24.2}, "geometry": {"type": "Polygon", "coordinates": [[[11.42674, 48.80807], [11.4812, 48.80833], [11.48083, 48.8443], [11.42633, 48.84404], [11.42674, 48.80807]]]}}, {"type": "Feature", "properties": {"d0": 0.0373, "d1": 0.0357, "d2": 0.0339, "d3": 0.0322, "d4": 0.0307, "d5": 0.0292, "d6": 0.0279, "d7": 0.027, "d8": 0.0261, "d9": 0.0246, "d10": 0.0228, "d11": 0.0214, "d12": 0.021, "d13": 0.0212, "w0": 15.2, "w1": 13.0, "w2": 10.9, "w3": 9.0, "w4": 7.4, "w5": 6.1, "w6": 5.2, "w7": 4.3, "w8": 3.6, "w9": 3.0, "w10": 2.5, "w11": 2.2, "w12": 14.8, "w13": 25.4}, "geometry": {"type": "Polygon", "coordinates": [[[11.4812, 48.80833], [11.53565, 48.80856], [11.53532, 48.84453], [11.48083, 48.8443], [11.4812, 48.80833]]]}}, {"type": "Feature", "properties": {"d0": 0.0385, "d1": 0.0364, "d2": 0.0343, "d3": 0.0324, "d4": 0.0311, "d5": 0.0297, "d6": 0.0284, "d7": 0.0273, "d8": 0.0259, "d9": 0.0236, "d10": 0.0213, "d11": 0.0194, "d12": 0.0186, "d13": 0.0191, "w0": 11.0, "w1": 9.5, "w2": 8.1, "w3": 6.8, "w4": 5.7, "w5": 4.9, "w6": 4.2, "w7": 3.6, "w8": 3.0, "w9": 2.5, "w10": 2.2, "w11": 1.9, "w12": 12.9, "w13": 22.3}, "geometry": {"type": "Polygon", "coordinates": [[[11.53565, 48.80856], [11.59011, 48.80877], [11.58982, 48.84474], [11.53532, 48.84453], [11.53565, 48.80856]]]}}, {"type": "Feature", "properties": {"d0": 0.0213, "d1": 0.0195, "d2": 0.0176, "d3": 0.0157, "d4": 0.0143, "d5": 0.0134, "d6": 0.013, "d7": 0.0132, "d8": 0.0133, "d9": 0.013, "d10": 0.0123, "d11": 0.0116, "d12": 0.0014, "d13": 0.0006, "w0": 7.2, "w1": 6.3, "w2": 5.4, "w3": 4.6, "w4": 3.9, "w5": 3.4, "w6": 2.9, "w7": 2.5, "w8": 2.2, "w9": 1.8, "w10": 1.6, "w11": 1.4, "w12": 11.1, "w13": 19.3}, "geometry": {"type": "Polygon", "coordinates": [[[11.59011, 48.80877], [11.64457, 48.80895], [11.64431, 48.84492], [11.58982, 48.84474], [11.59011, 48.80877]]]}}, {"type": "Feature", "properties": {"d0": 0.0315, "d1": 0.0296, "d2": 0.0278, "d3": 0.0265, "d4": 0.0257, "d5": 0.0248, "d6": 0.0238, "d7": 0.0227, "d8": 0.0206, "d9": 0.0167, "d10": 0.011, "d11": 0.0058, "d12": 0.0043, "d13": 0.0041, "w0": 4.3, "w1": 3.7, "w2": 3.1, "w3": 2.6, "w4": 2.1, "w5": 1.8, "w6": 1.5, "w7": 1.3, "w8": 1.1, "w9": 0.9, "w10": 0.7, "w11": 0.7, "w12": 11.9, "w13": 21.2}, "geometry": {"type": "Polygon", "coordinates": [[[11.64457, 48.80895], [11.69902, 48.8091], [11.69881, 48.84507], [11.64431, 48.84492], [11.64457, 48.80895]]]}}, {"type": "Feature", "properties": {"d0": 0.0457, "d1": 0.0432, "d2": 0.0412, "d3": 0.0396, "d4": 0.0377, "d5": 0.0351, "d6": 0.0322, "d7": 0.0294, "d8": 0.0259, "d9": 0.0221, "d10": 0.0197, "d11": 0.0189, "d12": 0.0193, "d13": 0.0217, "w0": 4.9, "w1": 4.2, "w2": 3.5, "w3": 2.9, "w4": 2.4, "w5": 2.1, "w6": 1.8, "w7": 1.5, "w8": 1.2, "w9": 1.0, "w10": 0.9, "w11": 0.8, "w12": 12.5, "w13": 22.4}, "geometry": {"type": "Polygon", "coordinates": [[[11.69902, 48.8091], [11.75348, 48.80923], [11.7533, 48.8452], [11.69881, 48.84507], [11.69902, 48.8091]]]}}, {"type": "Feature", "properties": {"d0": 0.0009, "d1": 0.0095, "d2": 0.0094, "d3": 0.0093, "d4": 0.0091, "d5": 0.0088, "d6": 0.0085, "d7": 0.0082, "d8": 0.0008, "d9": 0.0007, "d10": 0.0006, "d11": 0.0004, "d12": 0.0004, "d13": 0.0005, "w0": 5.4, "w1": 4.6, "w2": 3.9, "w3": 3.2, "w4": 2.7, "w5": 2.3, "w6": 1.9, "w7": 1.6, "w8": 1.3, "w9": 1.1, "w10": 0.9, "w11": 0.8, "w12": 12.7, "w13": 22.6}, "geometry": {"type": "Polygon", "coordinates": [[[11.75348, 48.80923], [11.80794, 48.80934], [11.8078, 48.8453], [11.7533, 48.8452], [11.75348, 48.80923]]]}}, {"type": "Feature", "properties": {"d0": 0.0045, "d1": 0.0044, "d2": 0.0043, "d3": 0.0041, "d4": 0.004, "d5": 0.0039, "d6": 0.0038, "d7": 0.0037, "d8": 0.0036, "d9": 0.0034, "d10": 0.0033, "d11": 0.0032, "d12": 0.0031, "d13": 0.0031, "w0": 5.8, "w1": 5.1, "w2": 4.3, "w3": 3.6, "w4": 3.0, "w5": 2.6, "w6": 2.3, "w7": 1.9, "w8": 1.6, "w9": 1.3, "w10": 1.2, "w11": 1.0, "w12": 12.7, "w13": 22.6}, "geometry": {"type": "Polygon", "coordinates": [[[11.80794, 48.80934], [11.8624, 48.80941], [11.8623, 48.84538], [11.8078, 48.8453], [11.80794, 48.80934]]]}}, {"type": "Feature", "properties": {"d0": 0.0084, "d1": 0.0081, "d2": 0.0078, "d3": 0.0074, "d4": 0.0071, "d5": 0.0069, "d6": 0.0067, "d7": 0.0066, "d8": 0.0065, "d9": 0.0063, "d10": 0.0061, "d11": 0.0059, "d12": 0.0057, "d13": 0.0057, "w0": 6.4, "w1": 5.8, "w2": 5.2, "w3": 4.5, "w4": 4.0, "w5": 3.6, "w6": 3.2, "w7": 2.9, "w8": 2.5, "w9": 2.2, "w10": 2.0, "w11": 1.8, "w12": 11.9, "w13": 21.3}, "geometry": {"type": "Polygon", "coordinates": [[[11.8624, 48.80941], [11.91685, 48.80946], [11.91679, 48.84543], [11.8623, 48.84538], [11.8624, 48.80941]]]}}, {"type": "Feature", "properties": {"d0": 0.0025, "d1": 0.0024, "d2": 0.0023, "d3": 0.0022, "d4": 0.0021, "d5": 0.0021, "d6": 0.0022, "d7": 0.0023, "d8": 0.0024, "d9": 0.0025, "d10": 0.0026, "d11": 0.0026, "d12": 0.0026, "d13": 0.0027, "w0": 6.9, "w1": 6.2, "w2": 5.4, "w3": 4.7, "w4": 4.1, "w5": 3.7, "w6": 3.3, "w7": 2.9, "w8": 2.5, "w9": 2.1, "w10": 1.9, "w11": 1.7, "w12": 12.4, "w13": 22.2}, "geometry": {"type": "Polygon", "coordinates": [[[11.91685, 48.80946], [11.97131, 48.80949], [11.97129, 48.84546], [11.91679, 48.84543], [11.91685, 48.80946]]]}}, {"type": "Feature", "properties": {"d0": 0.002, "d1": 0.0017, "d2": 0.0015, "d3": 0.0015, "d4": 0.0017, "d5": 0.0019, "d6": 0.0022, "d7": 0.0025, "d8": 0.0027, "d9": 0.0028, "d10": 0.0029, "d11": 0.0029, "d12": 0.0029, "d13": 0.003, "w0": 7.7, "w1": 7.1, "w2": 6.4, "w3": 5.7, "w4": 5.2, "w5": 4.8, "w6": 4.4, "w7": 3.9, "w8": 3.5, "w9": 3.1, "w10": 2.8, "w11": 2.6, "w12": 11.7, "w13": 20.6}, "geometry": {"type": "Polygon", "coordinates": [[[11.97131, 48.80949], [12.02577, 48.80949], [12.02579, 48.84546], [11.97129, 48.84546], [11.97131, 48.80949]]]}}, {"type": "Feature", "properties": {"d0": 0.0005, "d1": 0.0004, "d2": 0.0004, "d3": 0.0004, "d4": 0.0004, "d5": 0.0005, "d6": 0.0005, "d7": 0.0006, "d8": 0.0006, "d9": 0.0006, "d10": 0.0005, "d11": 0.0005, "d12": 0.0004, "d13": 0.0004, "w0": 10.5, "w1": 9.1, "w2": 7.7, "w3": 6.4, "w4": 5.7, "w5": 5.2, "w6": 4.4, "w7": 3.7, "w8": 3.1, "w9": 2.6, "w10": 2.2, "w11": 1.9, "w12": 13.1, "w13": 22.7}, "geometry": {"type": "Polygon", "coordinates": [[[12.02577, 48.80949], [12.08023, 48.80947], [12.08029, 48.84543], [12.02579, 48.84546], [12.02577, 48.80949]]]}}, {"type": "Feature", "properties": {"d0": 0.0006, "d1": 0.0004, "d2": 0.0003, "d3": 0.0003, "d4": 0.0003, "d5": 0.0003, "d6": 0.0003, "d7": 0.0004, "d8": 0.0004, "d9": 0.0004, "d10": 0.0003, "d11": 0.0003, "d12": 0.0002, "d13": 0.0001, "w0": 6.7, "w1": 5.9, "w2": 5.1, "w3": 4.3, "w4": 3.8, "w5": 3.4, "w6": 2.9, "w7": 2.5, "w8": 2.1, "w9": 1.8, "w10": 1.6, "w11": 1.5, "w12": 11.5, "w13": 20.5}, "geometry": {"type": "Polygon", "coordinates": [[[12.08023, 48.80947], [12.13469, 48.80941], [12.13478, 48.84538], [12.08029, 48.84543], [12.08023, 48.80947]]]}}, {"type": "Feature", "properties": {"d0": 0.0012, "d1": 0.001, "d2": 0.0008, "d3": 0.0007, "d4": 0.0007, "d5": 0.0007, "d6": 0.0008, "d7": 0.0007, "d8": 0.0007, "d9": 0.0006, "d10": 0.0005, "d11": 0.0004, "d12": 0.0003, "d13": 0.0002, "w0": 5.3, "w1": 4.6, "w2": 4.0, "w3": 3.3, "w4": 2.8, "w5": 2.5, "w6": 2.2, "w7": 1.8, "w8": 1.6, "w9": 1.3, "w10": 1.3, "w11": 1.5, "w12": 11.5, "w13": 19.5}, "geometry": {"type": "Polygon", "coordinates": [[[12.13469, 48.80941], [12.18915, 48.80934], [12.18928, 48.84531], [12.13478, 48.84538], [12.13469, 48.80941]]]}}, {"type": "Feature", "properties": {"d0": 0.0009, "d1": 0.0007, "d2": 0.0006, "d3": 0.0004, "d4": 0.0003, "d5": 0.0002, "d6": 0.0001, "d7": 0.0, "d8": 0.0, "d9": 0.0, "d10": 0.0, "d11": 0.0, "d12": 0.0, "d13": 0.0, "w0": 4.3, "w1": 3.9, "w2": 3.5, "w3": 3.0, "w4": 2.6, "w5": 2.4, "w6": 2.1, "w7": 1.8, "w8": 1.6, "w9": 1.4, "w10": 1.5, "w11": 1.8, "w12": 11.3, "w13": 19.2}, "geometry": {"type": "Polygon", "coordinates": [[[12.18915, 48.80934], [12.2436, 48.80924], [12.24378, 48.8452], [12.18928, 48.84531], [12.18915, 48.80934]]]}}, {"type": "Feature", "properties": {"d0": 0.0003, "d1": 0.0003, "d2": 0.0003, "d3": 0.0003, "d4": 0.0003, "d5": 0.0003, "d6": 0.0002, "d7": 0.0002, "d8": 0.0001, "d9": 0.0001, "d10": 0.0, "d11": 0.0, "d12": 0.0, "d13": 0.0, "w0": 4.5, "w1": 4.1, "w2": 3.6, "w3": 3.1, "w4": 2.8, "w5": 2.5, "w6": 2.2, "w7": 1.9, "w8": 1.7, "w9": 1.5, "w10": 1.9, "w11": 2.7, "w12": 12.3, "w13": 20.4}, "geometry": {"type": "Polygon", "coordinates": [[[12.2436, 48.80924], [12.29806, 48.80911], [12.29827, 48.84508], [12.24378, 48.8452], [12.2436, 48.80924]]]}}, {"type": "Feature", "properties": {"d0": 0.0003, "d1": 0.0004, "d2": 0.0004, "d3": 0.0005, "d4": 0.0005, "d5": 0.0004, "d6": 0.0003, "d7": 0.0002, "d8": 0.0002, "d9": 0.0002, "d10": 0.0001, "d11": 0.0001, "d12": 0.0001, "d13": 0.0, "w0": 5.0, "w1": 4.5, "w2": 4.0, "w3": 3.5, "w4": 3.1, "w5": 2.8, "w6": 2.5, "w7": 2.2, "w8": 2.0, "w9": 1.7, "w10": 2.2, "w11": 3.2, "w12": 13.0, "w13": 21.3}, "geometry": {"type": "Polygon", "coordinates": [[[12.29806, 48.80911], [12.35252, 48.80895], [12.35277, 48.84492], [12.29827, 48.84508], [12.29806, 48.80911]]]}}, {"type": "Feature", "properties": {"d0": 0.0002, "d1": 0.0002, "d2": 0.0002, "d3": 0.0002, "d4": 0.0001, "d5": 0.0, "d6": 0.0, "d7": 0.0001, "d8": 0.0001, "d9": 0.0001, "d10": 0.0001, "d11": 0.0001, "d12": 0.0001, "d13": 0.0001, "w0": 5.8, "w1": 5.2, "w2": 4.6, "w3": 4.0, "w4": 3.4, "w5": 3.0, "w6": 2.6, "w7": 2.3, "w8": 2.0, "w9": 1.7, "w10": 2.9, "w11": 4.5, "w12": 15.3, "w13": 23.9}, "geometry": {"type": "Polygon", "coordinates": [[[12.35252, 48.80895], [12.40697, 48.80877], [12.40727, 48.84474], [12.35277, 48.84492], [12.35252, 48.80895]]]}}, {"type": "Feature", "properties": {"d0": 0.0006, "d1": 0.0006, "d2": 0.0005, "d3": 0.0, "d4": 0.0, "d5": 0.0, "d6": 0.0, "d7": 0.0004, "d8": 0.0005, "d9": 0.0006, "d10": 0.0006, "d11": 0.0006, "d12": 0.0006, "d13": 0.0006, "w0": 8.6, "w1": 7.8, "w2": 7.0, "w3": 6.2, "w4": 5.5, "w5": 4.9, "w6": 4.4, "w7": 3.9, "w8": 3.4, "w9": 3.0, "w10": 3.9, "w11": 5.2, "w12": 14.6, "w13": 22.1}, "geometry": {"type": "Polygon", "coordinates": [[[12.40697, 48.80877], [12.46143, 48.80857], [12.46176, 48.84454], [12.40727, 48.84474], [12.40697, 48.80877]]]}}, {"type": "Feature", "properties": {"d0": 0.0006, "d1": 0.0005, "d2": 0.0004, "d3": 0.0002, "d4": 0.0002, "d5": 0.0003, "d6": 0.0004, "d7": 0.0005, "d8": 0.0006, "d9": 0.0008, "d10": 0.0009, "d11": 0.0009, "d12": 0.0009, "d13": 0.0009, "w0": 10.3, "w1": 9.4, "w2": 8.5, "w3": 7.4, "w4": 6.6, "w5": 5.9, "w6": 5.2, "w7": 4.6, "w8": 4.1, "w9": 3.6, "w10": 4.1, "w11": 5.3, "w12": 14.3, "w13": 21.4}, "geometry": {"type": "Polygon", "coordinates": [[[12.46143, 48.80857], [12.51589, 48.80834], [12.51626, 48.8443], [12.46176, 48.84454], [12.46143, 48.80857]]]}}, {"type": "Feature", "properties": {"d0": 0.0002, "d1": 0.0002, "d2": 0.0001, "d3": 0.0001, "d4": 0.0, "d5": 0.0, "d6": 0.0, "d7": 0.0, "d8": 0.0, "d9": 0.0, "d10": 0.0, "d11": 0.0, "d12": 0.0, "d13": 0.0001, "w0": 13.9, "w1": 12.7, "w2": 11.2, "w3": 9.8, "w4": 8.6, "w5": 7.6, "w6": 6.7, "w7": 5.9, "w8": 5.2, "w9": 4.5, "w10": 4.8, "w11": 6.0, "w12": 15.1, "w13": 21.9}, "geometry": {"type": "Polygon", "coordinates": [[[12.51589, 48.80834], [12.57034, 48.80808], [12.57075, 48.84405], [12.51626, 48.8443], [12.51589, 48.80834]]]}}, {"type": "Feature", "properties": {"d0": 0.0001, "d1": 0.0001, "d2": 0.0001, "d3": 0.0001, "d4": 0.0001, "d5": 0.0, "d6": 0.0, "d7": 0.0, "d8": 0.0, "d9": 0.0001, "d10": 0.0001, "d11": 0.0001, "d12": 0.0001, "d13": 0.0001, "w0": 12.9, "w1": 11.8, "w2": 10.5, "w3": 9.2, "w4": 8.0, "w5": 7.1, "w6": 6.3, "w7": 5.6, "w8": 4.9, "w9": 4.3, "w10": 4.7, "w11": 5.8, "w12": 14.4, "w13": 21.3}, "geometry": {"type": "Polygon", "coordinates": [[[12.57034, 48.80808], [12.62479, 48.8078], [12.62524, 48.84376], [12.57075, 48.84405], [12.57034, 48.80808]]]}}, {"type": "Feature", "properties": {"d0": 0.0, "d1": 0.0, "d2": 0.0, "d3": 0.0, "d4": 0.0, "d5": 0.0, "d6": 0.0, "d7": 0.0, "d8": 0.0, "d9": 0.0, "d10": 0.0, "d11": 0.0, "d12": 0.0, "d13": 0.0, "w0": 12.2, "w1": 11.1, "w2": 9.9, "w3": 8.6, "w4": 7.6, "w5": 6.7, "w6": 6.0, "w7": 5.3, "w8": 4.7, "w9": 4.1, "w10": 4.8, "w11": 5.9, "w12": 14.3, "w13": 21.3}, "geometry": {"type": "Polygon", "coordinates": [[[12.62479, 48.8078], [12.67925, 48.80749], [12.67973, 48.84346], [12.62524, 48.84376], [12.62479, 48.8078]]]}}, {"type": "Feature", "properties": {"d0": 0.0, "d1": 0.0, "d2": 0.0, "d3": 0.0, "d4": 0.0, "d5": 0.0, "d6": 0.0, "d7": 0.0, "d8": 0.0, "d9": 0.0, "d10": 0.0, "d11": 0.0, "d12": 0.0, "d13": 0.0, "w0": 12.4, "w1": 11.2, "w2": 10.0, "w3": 8.7, "w4": 7.6, "w5": 6.7, "w6": 6.0, "w7": 5.3, "w8": 4.6, "w9": 4.0, "w10": 5.2, "w11": 6.3, "w12": 14.8, "w13": 22.2}, "geometry": {"type": "Polygon", "coordinates": [[[12.67925, 48.80749], [12.7337, 48.80716], [12.73422, 48.84312], [12.67973, 48.84346], [12.67925, 48.80749]]]}}, {"type": "Feature", "properties": {"d0": 0.0695, "d1": 0.0669, "d2": 0.0639, "d3": 0.0608, "d4": 0.0577, "d5": 0.0541, "d6": 0.0509, "d7": 0.0483, "d8": 0.0454, "d9": 0.0431, "d10": 0.0431, "d11": 0.0433, "d12": 0.0433, "d13": 0.0435, "w0": 10.4, "w1": 9.2, "w2": 8.0, "w3": 6.8, "w4": 5.8, "w5": 5.0, "w6": 4.4, "w7": 3.8, "w8": 3.2, "w9": 2.8, "w10": 2.4, "w11": 2.1, "w12": 13.6, "w13": 24.0}, "geometry": {"type": "Polygon", "coordinates": [[[11.42633, 48.84404], [11.48083, 48.8443], [11.48045, 48.88026], [11.42592, 48.88001], [11.42633, 48.84404]]]}}, {"type": "Feature", "properties": {"d0": 0.0761, "d1": 0.073, "d2": 0.0699, "d3": 0.067, "d4": 0.0642, "d5": 0.061, "d6": 0.0578, "d7": 0.0549, "d8": 0.0514, "d9": 0.0469, "d10": 0.0428, "d11": 0.0387, "d12": 0.0327, "d13": 0.0239, "w0": 9.8, "w1": 9.2, "w2": 8.4, "w3": 7.6, "w4": 6.9, "w5": 6.4, "w6": 5.8, "w7": 5.3, "w8": 4.9, "w9": 4.4, "w10": 4.0, "w11": 3.8, "w12": 12.2, "w13": 21.5}, "geometry": {"type": "Polygon", "coordinates": [[[11.48083, 48.8443], [11.53532, 48.84453], [11.53499, 48.8805], [11.48045, 48.88026], [11.48083, 48.8443]]]}}, {"type": "Feature", "properties": {"d0": 0.0887, "d1": 0.0847, "d2": 0.0809, "d3": 0.0773, "d4": 0.0736, "d5": 0.0695, "d6": 0.0652, "d7": 0.0611, "d8": 0.0566, "d9": 0.0517, "d10": 0.0478, "d11": 0.0431, "d12": 0.0282, "d13": 0.0268, "w0": 7.4, "w1": 6.9, "w2": 6.2, "w3": 5.5, "w4": 5.0, "w5": 4.5, "w6": 4.1, "w7": 3.7, "w8": 3.3, "w9": 2.9, "w10": 2.7, "w11": 2.5, "w12": 11.4, "w13": 20.8}, "geometry": {"type": "Polygon", "coordinates": [[[11.53532, 48.84453], [11.58982, 48.84474], [11.58952, 48.8807], [11.53499, 48.8805], [11.53532, 48.84453]]]}}, {"type": "Feature", "properties": {"d0": 0.0426, "d1": 0.0414, "d2": 0.0403, "d3": 0.0395, "d4": 0.0386, "d5": 0.0371, "d6": 0.035, "d7": 0.0325, "d8": 0.0282, "d9": 0.0216, "d10": 0.0163, "d11": 0.0116, "d12": 0.0095, "d13": 0.0096, "w0": 5.9, "w1": 5.3, "w2": 4.6, "w3": 3.9, "w4": 3.4, "w5": 3.0, "w6": 2.6, "w7": 2.2, "w8": 1.9, "w9": 1.6, "w10": 1.4, "w11": 1.3, "w12": 11.2, "w13": 20.0}, "geometry": {"type": "Polygon", "coordinates": [[[11.58982, 48.84474], [11.64431, 48.84492], [11.64406, 48.88088], [11.58952, 48.8807], [11.58982, 48.84474]]]}}, {"type": "Feature", "properties": {"d0": 0.0396, "d1": 0.0385, "d2": 0.0376, "d3": 0.0369, "d4": 0.0362, "d5": 0.0347, "d6": 0.0326, "d7": 0.0296, "d8": 0.0245, "d9": 0.0187, "d10": 0.0153, "d11": 0.0123, "d12": 0.0099, "d13": 0.0093, "w0": 5.1, "w1": 4.6, "w2": 4.0, "w3": 3.4, "w4": 3.0, "w5": 2.6, "w6": 2.3, "w7": 2.0, "w8": 1.7, "w9": 1.5, "w10": 1.3, "w11": 1.3, "w12": 10.9, "w13": 19.3}, "geometry": {"type": "Polygon", "coordinates": [[[11.64431, 48.84492], [11.69881, 48.84507], [11.69859, 48.88104], [11.64406, 48.88088], [11.64431, 48.84492]]]}}, {"type": "Feature", "properties": {"d0": 0.0265, "d1": 0.0252, "d2": 0.0239, "d3": 0.0227, "d4": 0.0215, "d5": 0.0202, "d6": 0.0187, "d7": 0.0171, "d8": 0.0146, "d9": 0.0103, "d10": 0.0061, "d11": 0.0044, "d12": 0.0038, "d13": 0.0038, "w0": 5.4, "w1": 4.9, "w2": 4.3, "w3": 3.7, "w4": 3.3, "w5": 3.0, "w6": 2.6, "w7": 2.3, "w8": 2.0, "w9": 1.7, "w10": 1.8, "w11": 1.8, "w12": 10.7, "w13": 18.5}, "geometry": {"type": "Polygon", "coordinates": [[[11.69881, 48.84507], [11.7533, 48.8452], [11.75313, 48.88117], [11.69859, 48.88104], [11.69881, 48.84507]]]}}, {"type": "Feature", "properties": {"d0": 0.0583, "d1": 0.0542, "d2": 0.0513, "d3": 0.049, "d4": 0.0462, "d5": 0.0428, "d6": 0.0402, "d7": 0.0389, "d8": 0.0382, "d9": 0.0374, "d10": 0.0372, "d11": 0.0375, "d12": 0.0391, "d13": 0.0421, "w0": 5.1, "w1": 4.5, "w2": 3.9, "w3": 3.3, "w4": 2.8, "w5": 2.5, "w6": 2.1, "w7": 1.8, "w8": 1.5, "w9": 1.3, "w10": 1.3, "w11": 1.3, "w12": 12.6, "w13": 22.5}, "geometry": {"type": "Polygon", "coordinates": [[[11.7533, 48.8452], [11.8078, 48.8453], [11.80766, 48.88127], [11.75313, 48.88117], [11.7533, 48.8452]]]}}, {"type": "Feature", "properties": {"d0": 0.017, "d1": 0.0159, "d2": 0.0149, "d3": 0.014, "d4": 0.0131, "d5": 0.0119, "d6": 0.0107, "d7": 0.0092, "d8": 0.0073, "d9": 0.0055, "d10": 0.0042, "d11": 0.0035, "d12": 0.0036, "d13": 0.0042, "w0": 5.5, "w1": 5.0, "w2": 4.5, "w3": 4.0, "w4": 3.6, "w5": 3.3, "w6": 3.0, "w7": 2.6, "w8": 2.3, "w9": 2.1, "w10": 1.9, "w11": 1.8, "w12": 11.2, "w13": 20.2}, "geometry": {"type": "Polygon", "coordinates": [[[11.8078, 48.8453], [11.8623, 48.84538], [11.8622, 48.88135], [11.80766, 48.88127], [11.8078, 48.8453]]]}}, {"type": "Feature", "properties": {"d0": 0.0042, "d1": 0.0042, "d2": 0.0041, "d3": 0.004, "d4": 0.004, "d5": 0.004, "d6": 0.004, "d7": 0.004, "d8": 0.0039, "d9": 0.0039, "d10": 0.0038, "d11": 0.0036, "d12": 0.0036, "d13": 0.0036, "w0": 6.3, "w1": 5.6, "w2": 4.9, "w3": 4.2, "w4": 3.7, "w5": 3.4, "w6": 3.0, "w7": 2.6, "w8": 2.2, "w9": 1.9, "w10": 1.7, "w11": 1.6, "w12": 11.5, "w13": 20.2}, "geometry": {"type": "Polygon", "coordinates": [[[11.8623, 48.84538], [11.91679, 48.84543], [11.91674, 48.8814], [11.8622, 48.88135], [11.8623, 48.84538]]]}}, {"type": "Feature", "properties": {"d0": 0.0035, "d1": 0.0034, "d2": 0.0033, "d3": 0.0032, "d4": 0.0031, "d5": 0.0031, "d6": 0.0032, "d7": 0.0032, "d8": 0.0033, "d9": 0.0033, "d10": 0.0033, "d11": 0.0032, "d12": 0.0032, "d13": 0.0033, "w0": 6.7, "w1": 6.0, "w2": 5.3, "w3": 4.6, "w4": 4.1, "w5": 3.8, "w6": 3.3, "w7": 2.9, "w8": 2.6, "w9": 2.2, "w10": 2.0, "w11": 1.8, "w12": 11.3, "w13": 19.8}, "geometry": {"type": "Polygon", "coordinates": [[[11.91679, 48.84543], [11.97129, 48.84546], [11.97127, 48.88143], [11.91674, 48.8814], [11.91679, 48.84543]]]}}, {"type": "Feature", "properties": {"d0": 0.0017, "d1": 0.0016, "d2": 0.0016, "d3": 0.0015, "d4": 0.0015, "d5": 0.0015, "d6": 0.0015, "d7": 0.0015, "d8": 0.0015, "d9": 0.0015, "d10": 0.0015, "d11": 0.0014, "d12": 0.0014, "d13": 0.0014, "w0": 6.9, "w1": 6.1, "w2": 5.3, "w3": 4.5, "w4": 4.1, "w5": 3.7, "w6": 3.2, "w7": 2.7, "w8": 2.3, "w9": 2.0, "w10": 1.7, "w11": 1.6, "w12": 11.8, "w13": 20.8}, "geometry": {"type": "Polygon", "coordinates": [[[11.97129, 48.84546], [12.02579, 48.84546], [12.02581, 48.88143], [11.97127, 48.88143], [11.97129, 48.84546]]]}}, {"type": "Feature", "properties": {"d0": 0.0021, "d1": 0.0019, "d2": 0.0017, "d3": 0.0016, "d4": 0.0015, "d5": 0.0015, "d6": 0.0016, "d7": 0.0016, "d8": 0.0016, "d9": 0.0016, "d10": 0.0015, "d11": 0.0015, "d12": 0.0014, "d13": 0.0014, "w0": 7.1, "w1": 6.4, "w2": 5.7, "w3": 5.0, "w4": 4.5, "w5": 4.2, "w6": 3.7, "w7": 3.3, "w8": 2.9, "w9": 2.5, "w10": 2.2, "w11": 2.1, "w12": 11.3, "w13": 19.7}, "geometry": {"type": "Polygon", "coordinates": [[[12.02579, 48.84546], [12.08029, 48.84543], [12.08034, 48.8814], [12.02581, 48.88143], [12.02579, 48.84546]]]}}, {"type": "Feature", "properties": {"d0": 0.0016, "d1": 0.0013, "d2": 0.001, "d3": 0.0009, "d4": 0.0008, "d5": 0.0008, "d6": 0.0009, "d7": 0.0009, "d8": 0.0009, "d9": 0.0009, "d10": 0.0008, "d11": 0.0007, "d12": 0.0006, "d13": 0.0005, "w0": 6.2, "w1": 5.6, "w2": 5.0, "w3": 4.3, "w4": 3.9, "w5": 3.5, "w6": 3.1, "w7": 2.8, "w8": 2.4, "w9": 2.1, "w10": 1.9, "w11": 1.9, "w12": 11.0, "w13": 18.9}, "geometry": {"type": "Polygon", "coordinates": [[[12.08029, 48.84543], [12.13478, 48.84538], [12.13488, 48.88135], [12.08034, 48.8814], [12.08029, 48.84543]]]}}, {"type": "Feature", "properties": {"d0": 0.002, "d1": 0.0016, "d2": 0.0012, "d3": 0.0009, "d4": 0.0008, "d5": 0.0007, "d6": 0.0007, "d7": 0.0007, "d8": 0.0007, "d9": 0.0007, "d10": 0.0006, "d11": 0.0004, "d12": 0.0003, "d13": 0.0002, "w0": 5.3, "w1": 4.8, "w2": 4.2, "w3": 3.7, "w4": 3.3, "w5": 2.9, "w6": 2.6, "w7": 2.3, "w8": 2.0, "w9": 1.7, "w10": 2.0, "w11": 2.8, "w12": 11.6, "w13": 18.8}, "geometry": {"type": "Polygon", "coordinates": [[[12.13478, 48.84538], [12.18928, 48.84531], [12.18942, 48.88128], [12.13488, 48.88135], [12.13478, 48.84538]]]}}, {"type": "Feature", "properties": {"d0": 0.0018, "d1": 0.0015, "d2": 0.0012, "d3": 0.001, "d4": 0.0008, "d5": 0.0007, "d6": 0.0006, "d7": 0.0, "d8": 0.0, "d9": 0.0, "d10": 0.0003, "d11": 0.0002, "d12": 0.0001, "d13": 0.0001, "w0": 5.0, "w1": 4.4, "w2": 3.8, "w3": 3.2, "w4": 2.7, "w5": 2.4, "w6": 2.1, "w7": 1.8, "w8": 1.5, "w9": 1.3, "w10": 2.1, "w11": 3.7, "w12": 13.7, "w13": 21.8}, "geometry": {"type": "Polygon", "coordinates": [[[12.18928, 48.84531], [12.24378, 48.8452], [12.24395, 48.88117], [12.18942, 48.88128], [12.18928, 48.84531]]]}}, {"type": "Feature", "properties": {"d0": 0.0011, "d1": 0.0011, "d2": 0.0011, "d3": 0.0011, "d4": 0.0012, "d5": 0.0012, "d6": 0.0011, "d7": 0.001, "d8": 0.0009, "d9": 0.0007, "d10": 0.0006, "d11": 0.0004, "d12": 0.0003, "d13": 0.0002, "w0": 5.3, "w1": 4.7, "w2": 4.2, "w3": 3.6, "w4": 3.1, "w5": 2.7, "w6": 2.4, "w7": 2.1, "w8": 1.8, "w9": 1.5, "w10": 2.5, "w11": 4.1, "w12": 13.4, "w13": 21.0}, "geometry": {"type": "Polygon", "coordinates": [[[12.24378, 48.8452], [12.29827, 48.84508], [12.29849, 48.88104], [12.24395, 48.88117], [12.24378, 48.8452]]]}}, {"type": "Feature", "properties": {"d0": 0.0006, "d1": 0.0006, "d2": 0.0006, "d3": 0.0006, "d4": 0.0006, "d5": 0.0006, "d6": 0.0005, "d7": 0.0005, "d8": 0.0004, "d9": 0.0004, "d10": 0.0003, "d11": 0.0003, "d12": 0.0002, "d13": 0.0002, "w0": 6.3, "w1": 5.6, "w2": 4.9, "w3": 4.2, "w4": 3.6, "w5": 3.1, "w6": 2.7, "w7": 2.4, "w8": 2.0, "w9": 1.7, "w10": 3.1, "w11": 4.8, "w12": 14.2, "w13": 21.7}, "geometry": {"type": "Polygon", "coordinates": [[[12.29827, 48.84508], [12.35277, 48.84492], [12.35302, 48.88089], [12.29849, 48.88104], [12.29827, 48.84508]]]}}, {"type": "Feature", "properties": {"d0": 0.003, "d1": 0.003, "d2": 0.003, "d3": 0.0029, "d4": 0.0028, "d5": 0.0025, "d6": 0.0022, "d7": 0.0001, "d8": 0.0, "d9": 0.0, "d10": 0.0001, "d11": 0.0022, "d12": 0.0024, "d13": 0.0026, "w0": 9.1, "w1": 8.5, "w2": 7.8, "w3": 7.0, "w4": 6.4, "w5": 5.9, "w6": 5.4, "w7": 4.9, "w8": 4.4, "w9": 4.0, "w10": 4.4, "w11": 5.5, "w12": 13.2, "w13": 20.2}, "geometry": {"type": "Polygon", "coordinates": [[[12.35277, 48.84492], [12.40727, 48.84474], [12.40756, 48.88071], [12.35302, 48.88089], [12.35277, 48.84492]]]}}, {"type": "Feature", "properties": {"d0": 0.0009, "d1": 0.0008, "d2": 0.0006, "d3": 0.0, "d4": 0.0, "d5": 0.0, "d6": 0.0, "d7": 0.0, "d8": 0.0, "d9": 0.0, "d10": 0.0, "d11": 0.0008, "d12": 0.0009, "d13": 0.001, "w0": 9.4, "w1": 8.5, "w2": 7.6, "w3": 6.6, "w4": 5.9, "w5": 5.2, "w6": 4.6, "w7": 4.1, "w8": 3.6, "w9": 3.1, "w10": 4.2, "w11": 5.6, "w12": 14.2, "w13": 21.3}, "geometry": {"type": "Polygon", "coordinates": [[[12.40727, 48.84474], [12.46176, 48.84454], [12.46209, 48.8805], [12.40756, 48.88071], [12.40727, 48.84474]]]}}, {"type": "Feature", "properties": {"d0": 0.0007, "d1": 0.0005, "d2": 0.0003, "d3": 0.0001, "d4": 0.0, "d5": 0.0, "d6": 0.0, "d7": 0.0, "d8": 0.0001, "d9": 0.0002, "d10": 0.0005, "d11": 0.0008, "d12": 0.0009, "d13": 0.0009, "w0": 11.1, "w1": 10.1, "w2": 9.0, "w3": 7.9, "w4": 6.9, "w5": 6.2, "w6": 5.5, "w7": 4.8, "w8": 4.2, "w9": 3.7, "w10": 4.8, "w11": 6.1, "w12": 14.3, "w13": 20.8}, "geometry": {"type": "Polygon", "coordinates": [[[12.46176, 48.84454], [12.51626, 48.8443], [12.51663, 48.88027], [12.46209, 48.8805], [12.46176, 48.84454]]]}}, {"type": "Feature", "properties": {"d0": 0.0, "d1": 0.0, "d2": 0.0, "d3": 0.0, "d4": 0.0, "d5": 0.0, "d6": 0.0, "d7": 0.0, "d8": 0.0, "d9": 0.0, "d10": 0.0, "d11": 0.0, "d12": 0.0, "d13": 0.0, "w0": 13.1, "w1": 11.7, "w2": 10.3, "w3": 8.8, "w4": 7.7, "w5": 6.7, "w6": 5.9, "w7": 5.1, "w8": 4.4, "w9": 3.8, "w10": 4.9, "w11": 6.4, "w12": 14.5, "w13": 20.9}, "geometry": {"type": "Polygon", "coordinates": [[[12.51626, 48.8443], [12.57075, 48.84405], [12.57116, 48.88001], [12.51663, 48.88027], [12.51626, 48.8443]]]}}, {"type": "Feature", "properties": {"d0": 0.0, "d1": 0.0, "d2": 0.0, "d3": 0.0, "d4": 0.0, "d5": 0.0, "d6": 0.0, "d7": 0.0, "d8": 0.0, "d9": 0.0, "d10": 0.0, "d11": 0.0, "d12": 0.0, "d13": 0.0, "w0": 13.1, "w1": 11.7, "w2": 10.2, "w3": 8.8, "w4": 7.6, "w5": 6.7, "w6": 5.8, "w7": 5.0, "w8": 4.4, "w9": 3.7, "w10": 5.0, "w11": 6.5, "w12": 14.3, "w13": 20.7}, "geometry": {"type": "Polygon", "coordinates": [[[12.57075, 48.84405], [12.62524, 48.84376], [12.62569, 48.87973], [12.57116, 48.88001], [12.57075, 48.84405]]]}}, {"type": "Feature", "properties": {"d0": 0.0, "d1": 0.0, "d2": 0.0, "d3": 0.0, "d4": 0.0, "d5": 0.0, "d6": 0.0, "d7": 0.0, "d8": 0.0, "d9": 0.0, "d10": 0.0, "d11": 0.0, "d12": 0.0, "d13": 0.0, "w0": 11.9, "w1": 10.7, "w2": 9.5, "w3": 8.3, "w4": 7.2, "w5": 6.4, "w6": 5.7, "w7": 5.0, "w8": 4.3, "w9": 3.8, "w10": 5.3, "w11": 6.8, "w12": 13.8, "w13": 20.1}, "geometry": {"type": "Polygon", "coordinates": [[[12.62524, 48.84376], [12.67973, 48.84346], [12.68022, 48.87942], [12.62569, 48.87973], [12.62524, 48.84376]]]}}, {"type": "Feature", "properties": {"d0": 0.0, "d1": 0.0, "d2": 0.0, "d3": 0.0, "d4": 0.0, "d5": 0.0, "d6": 0.0, "d7": 0.0, "d8": 0.0, "d9": 0.0, "d10": 0.0, "d11": 0.0, "d12": 0.0, "d13": 0.0, "w0": 12.7, "w1": 11.5, "w2": 10.2, "w3": 8.9, "w4": 7.8, "w5": 6.9, "w6": 6.1, "w7": 5.4, "w8": 4.7, "w9": 4.1, "w10": 5.5, "w11": 7.1, "w12": 13.7, "w13": 20.5}, "geometry": {"type": "Polygon", "coordinates": [[[12.67973, 48.84346], [12.73422, 48.84312], [12.73475, 48.87909], [12.68022, 48.87942], [12.67973, 48.84346]]]}}, {"type": "Feature", "properties": {"d0": 0.0973, "d1": 0.0953, "d2": 0.0927, "d3": 0.0899, "d4": 0.0866, "d5": 0.0824, "d6": 0.078, "d7": 0.0739, "d8": 0.0696, "d9": 0.0653, "d10": 0.0619, "d11": 0.0585, "d12": 0.0553, "d13": 0.0521, "w0": 9.6, "w1": 8.9, "w2": 8.1, "w3": 7.2, "w4": 6.5, "w5": 6.0, "w6": 5.4, "w7": 4.9, "w8": 4.4, "w9": 3.9, "w10": 3.5, "w11": 3.3, "w12": 11.7, "w13": 20.8}, "geometry": {"type": "Polygon", "coordinates": [[[11.42592, 48.88001], [11.48045, 48.88026], [11.48008, 48.91623], [11.42551, 48.91597], [11.42592, 48.88001]]]}}, {"type": "Feature", "properties": {"d0": 0.0926, "d1": 0.0896, "d2": 0.0866, "d3": 0.0837, "d4": 0.0804, "d5": 0.0764, "d6": 0.0722, "d7": 0.068, "d8": 0.0631, "d9": 0.0565, "d10": 0.0504, "d11": 0.0444, "d12": 0.0389, "d13": 0.0354, "w0": 9.4, "w1": 8.8, "w2": 8.1, "w3": 7.3, "w4": 6.7, "w5": 6.2, "w6": 5.7, "w7": 5.2, "w8": 4.7, "w9": 4.3, "w10": 3.9, "w11": 3.7, "w12": 11.7, "w13": 20.7}, "geometry": {"type": "Polygon", "coordinates": [[[11.48045, 48.88026], [11.53499, 48.8805], [11.53465, 48.91646], [11.48008, 48.91623], [11.48045, 48.88026]]]}}, {"type": "Feature", "properties": {"d0": 0.1064, "d1": 0.1023, "d2": 0.0984, "d3": 0.0945, "d4": 0.0899, "d5": 0.0844, "d6": 0.0786, "d7": 0.0733, "d8": 0.0686, "d9": 0.0633, "d10": 0.0581, "d11": 0.053, "d12": 0.0489, "d13": 0.0461, "w0": 6.9, "w1": 6.4, "w2": 5.8, "w3": 5.2, "w4": 4.7, "w5": 4.3, "w6": 3.9, "w7": 3.5, "w8": 3.1, "w9": 2.8, "w10": 2.5, "w11": 2.4, "w12": 11.0, "w13": 20.0}, "geometry": {"type": "Polygon", "coordinates": [[[11.53499, 48.8805], [11.58952, 48.8807], [11.58923, 48.91667], [11.53465, 48.91646], [11.53499, 48.8805]]]}}, {"type": "Feature", "properties": {"d0": 0.0875, "d1": 0.0833, "d2": 0.0785, "d3": 0.0729, "d4": 0.0666, "d5": 0.061, "d6": 0.0569, "d7": 0.0544, "d8": 0.0522, "d9": 0.049, "d10": 0.0455, "d11": 0.0425, "d12": 0.0414, "d13": 0.0421, "w0": 5.7, "w1": 5.0, "w2": 4.3, "w3": 3.7, "w4": 3.1, "w5": 2.7, "w6": 2.4, "w7": 2.0, "w8": 1.7, "w9": 1.4, "w10": 1.7, "w11": 1.8, "w12": 12.9, "w13": 22.9}, "geometry": {"type": "Polygon", "coordinates": [[[11.58952, 48.8807], [11.64406, 48.88088], [11.6438, 48.91685], [11.58923, 48.91667], [11.58952, 48.8807]]]}}, {"type": "Feature", "properties": {"d0": 0.0697, "d1": 0.0667, "d2": 0.063, "d3": 0.0588, "d4": 0.0539, "d5": 0.0489, "d6": 0.045, "d7": 0.0423, "d8": 0.0402, "d9": 0.0377, "d10": 0.0353, "d11": 0.0339, "d12": 0.0346, "d13": 0.0374, "w0": 6.5, "w1": 5.7, "w2": 4.8, "w3": 4.0, "w4": 3.4, "w5": 2.9, "w6": 2.5, "w7": 2.1, "w8": 1.7, "w9": 1.4, "w10": 2.5, "w11": 3.2, "w12": 15.4, "w13": 26.0}, "geometry": {"type": "Polygon", "coordinates": [[[11.64406, 48.88088], [11.69859, 48.88104], [11.69838, 48.91701], [11.6438, 48.91685], [11.64406, 48.88088]]]}}, {"type": "Feature", "properties": {"d0": 0.0015, "d1": 0.0015, "d2": 0.0016, "d3": 0.0016, "d4": 0.0016, "d5": 0.0016, "d6": 0.0016, "d7": 0.0014, "d8": 0.0013, "d9": 0.0012, "d10": 0.0011, "d11": 0.001, "d12": 0.0009, "d13": 0.0008, "w0": 7.7, "w1": 6.9, "w2": 6.1, "w3": 5.3, "w4": 4.6, "w5": 4.1, "w6": 3.7, "w7": 3.2, "w8": 2.8, "w9": 2.4, "w10": 3.9, "w11": 5.6, "w12": 13.4, "w13": 19.6}, "geometry": {"type": "Polygon", "coordinates": [[[12.29849, 48.88104], [12.35302, 48.88089], [12.35328, 48.91686], [12.2987, 48.91701], [12.29849, 48.88104]]]}}, {"type": "Feature", "properties": {"d0": 0.0, "d1": 0.0, "d2": 0.0, "d3": 0.0, "d4": 0.0, "d5": 0.0, "d6": 0.0, "d7": 0.0, "d8": 0.0, "d9": 0.0, "d10": 0.0, "d11": 0.0001, "d12": 0.0001, "d13": 0.0001, "w0": 9.2, "w1": 8.2, "w2": 7.2, "w3": 6.3, "w4": 5.5, "w5": 4.8, "w6": 4.3, "w7": 3.7, "w8": 3.2, "w9": 2.8, "w10": 4.3, "w11": 5.9, "w12": 13.9, "w13": 20.4}, "geometry": {"type": "Polygon", "coordinates": [[[12.35302, 48.88089], [12.40756, 48.88071], [12.40785, 48.91668], [12.35328, 48.91686], [12.35302, 48.88089]]]}}, {"type": "Feature", "properties": {"d0": 0.0, "d1": 0.0, "d2": 0.0, "d3": 0.0, "d4": 0.0, "d5": 0.0, "d6": 0.0, "d7": 0.0, "d8": 0.0, "d9": 0.0, "d10": 0.0, "d11": 0.0, "d12": 0.0, "d13": 0.0, "w0": 11.7, "w1": 10.5, "w2": 9.3, "w3": 8.2, "w4": 7.3, "w5": 6.5, "w6": 5.8, "w7": 5.1, "w8": 4.5, "w9": 3.9, "w10": 5.3, "w11": 6.8, "w12": 14.3, "w13": 20.6}, "geometry": {"type": "Polygon", "coordinates": [[[12.40756, 48.88071], [12.46209, 48.8805], [12.46242, 48.91647], [12.40785, 48.91668], [12.40756, 48.88071]]]}}, {"type": "Feature", "properties": {"d0": 0.0001, "d1": 0.0, "d2": 0.0, "d3": 0.0, "d4": 0.0, "d5": 0.0, "d6": 0.0, "d7": 0.0, "d8": 0.0, "d9": 0.0, "d10": 0.0, "d11": 0.0001, "d12": 0.0001, "d13": 0.0001, "w0": 11.7, "w1": 10.4, "w2": 9.1, "w3": 7.8, "w4": 6.8, "w5": 6.0, "w6": 5.2, "w7": 4.5, "w8": 3.9, "w9": 3.3, "w10": 5.1, "w11": 6.7, "w12": 14.2, "w13": 20.6}, "geometry": {"type": "Polygon", "coordinates": [[[12.46209, 48.8805], [12.51663, 48.88027], [12.517, 48.91624], [12.46242, 48.91647], [12.46209, 48.8805]]]}}, {"type": "Feature", "properties": {"d0": 0.0, "d1": 0.0, "d2": 0.0, "d3": 0.0, "d4": 0.0, "d5": 0.0, "d6": 0.0, "d7": 0.0, "d8": 0.0, "d9": 0.0, "d10": 0.0, "d11": 0.0, "d12": 0.0, "d13": 0.0, "w0": 11.0, "w1": 9.5, "w2": 8.1, "w3": 6.7, "w4": 5.6, "w5": 4.8, "w6": 4.0, "w7": 3.4, "w8": 2.8, "w9": 2.3, "w10": 4.6, "w11": 6.5, "w12": 14.8, "w13": 22.0}, "geometry": {"type": "Polygon", "coordinates": [[[12.51663, 48.88027], [12.57116, 48.88001], [12.57157, 48.91598], [12.517, 48.91624], [12.51663, 48.88027]]]}}, {"type": "Feature", "properties": {"d0": 0.0, "d1": 0.0, "d2": 0.0, "d3": 0.0, "d4": 0.0, "d5": 0.0, "d6": 0.0, "d7": 0.0, "d8": 0.0, "d9": 0.0, "d10": 0.0, "d11": 0.0, "d12": 0.0, "d13": 0.0, "w0": 12.6, "w1": 10.7, "w2": 8.8, "w3": 7.0, "w4": 5.7, "w5": 4.8, "w6": 3.9, "w7": 3.2, "w8": 2.6, "w9": 2.1, "w10": 5.3, "w11": 7.8, "w12": 16.4, "w13": 24.0}, "geometry": {"type": "Polygon", "coordinates": [[[12.57116, 48.88001], [12.62569, 48.87973], [12.62614, 48.9157], [12.57157, 48.91598], [12.57116, 48.88001]]]}}, {"type": "Feature", "properties": {"d0": 0.0, "d1": 0.0, "d2": 0.0, "d3": 0.0, "d4": 0.0, "d5": 0.0, "d6": 0.0, "d7": 0.0, "d8": 0.0, "d9": 0.0, "d10": 0.0, "d11": 0.0, "d12": 0.0, "d13": 0.0, "w0": 10.1, "w1": 8.7, "w2": 7.4, "w3": 6.1, "w4": 5.1, "w5": 4.3, "w6": 3.6, "w7": 3.0, "w8": 2.5, "w9": 2.1, "w10": 5.2, "w11": 7.8, "w12": 15.1, "w13": 22.3}, "geometry": {"type": "Polygon", "coordinates": [[[12.62569, 48.87973], [12.68022, 48.87942], [12.68071, 48.91539], [12.62614, 48.9157], [12.62569, 48.87973]]]}}, {"type": "Feature", "properties": {"d0": 0.0, "d1": 0.0, "d2": 0.0, "d3": 0.0, "d4": 0.0, "d5": 0.0, "d6": 0.0, "d7": 0.0, "d8": 0.0, "d9": 0.0, "d10": 0.0, "d11": 0.0, "d12": 0.0, "d13": 0.0, "w0": 11.6, "w1": 10.0, "w2": 8.5, "w3": 7.1, "w4": 5.9, "w5": 5.0, "w6": 4.2, "w7": 3.5, "w8": 2.9, "w9": 2.4, "w10": 6.1, "w11": 9.3, "w12": 16.3, "w13": 23.9}, "geometry": {"type": "Polygon", "coordinates": [[[12.68022, 48.87942], [12.73475, 48.87909], [12.73528, 48.91505], [12.68071, 48.91539], [12.68022, 48.87942]]]}}]}
